id,name,name_ja,website_url,description,created_at,updated_at
director_000001,ジーニアス膝,ジーニアス膝,,,2026-08-31T14:50:24Z,2026-08-31T14:50:24Z
director_000002,苺原,苺原,,,2026-09-04T08:56:42Z,2026-09-04T08:56:42Z
director_000003,南★波王,南★波王,,,2026-09-04T08:56:42Z,2026-09-04T08:56:42Z
director_000004,刃修羅,刃修羅,,,2026-09-04T08:56:42Z,2026-09-04T08:56:42Z
director_000005,五右衛門,五右衛門,,,2026-09-05T03:31:50Z,2026-09-05T03:31:50Z
director_000006,赤井彗星,赤井彗星,,,2026-09-05T03:31:50Z,2026-09-05T03:31:50Z
director_000007,きとるね川口,きとるね川口,,,2026-09-05T03:31:50Z,2026-09-05T03:31:50Z
director_000008,前田文豪,前田文豪,,,2026-09-05T03:31:50Z,2026-09-05T03:31:50Z
director_000009,イナバール,イナバール,,,2026-09-05T03:31:50Z,2026-09-05T03:31:50Z
director_000010,三島六三郎,三島六三郎,,,2026-09-05T03:31:50Z,2026-09-05T03:31:50Z
director_000011,キョウセイ,キョウセイ,,,2026-09-05T03:31:50Z,2026-09-05T03:31:50Z
director_000012,うさぴょん。,うさぴょん。,,,2026-09-05T03:31:50Z,2026-09-05T03:31:50Z
director_000013,TAKE-D,,,,2026-09-05T03:31:50Z,2026-09-05T03:31:50Z
director_000014,ドラゴン西川,ドラゴン西川,,,2026-09-05T03:31:50Z,2026-09-05T03:31:50Z
director_000015,K.C.武田,K.C.武田,,,2026-09-05T03:31:50Z,2026-09-05T03:31:50Z
director_000016,テキラティーノ,テキラティーノ,,,2026-09-05T03:31:50Z,2026-09-05T03:31:50Z
director_000017,宇佐美忠則,宇佐美忠則,,,2026-09-05T03:31:50Z,2026-09-05T03:31:50Z
director_000018,トレンディ山口,トレンディ山口,,,2026-09-05T03:31:50Z,2026-09-05T03:31:50Z
director_000019,サッポロ太郎,サッポロ太郎,,,2026-09-05T03:31:50Z,2026-09-05T03:31:50Z
director_000020,秋秀人,秋秀人,,,2026-09-05T03:31:50Z,2026-09-05T03:31:50Z
director_000021,紋℃,紋℃,,,2026-09-05T03:31:50Z,2026-09-05T03:31:50Z
