id,maker_id,name,name_ja,website_url,description,created_at,updated_at
label_000001,maker_000001,MOODYZ VR,MOODYZ VR,,,2026-08-31T14:50:24Z,2026-08-31T14:50:24Z
label_000002,maker_000002,Dish,,,,2026-09-04T06:26:39Z,2026-09-04T06:26:39Z
label_000003,maker_000003,S1 NO.1 STYLE,,,,2026-09-04T08:56:42Z,2026-09-04T08:56:42Z
label_000004,maker_000004,MOODYZDIVA,,,,2026-09-04T08:56:42Z,2026-09-04T08:56:42Z
label_000005,maker_000005,WANZ,,,,2026-09-04T08:56:42Z,2026-09-04T08:56:42Z
label_000006,maker_000006,エレガンス,エレガンス,,,2026-09-05T03:31:50Z,2026-09-05T03:31:50Z
label_000007,maker_000007,OPPAI,,,,2026-09-05T03:31:50Z,2026-09-05T03:31:50Z
label_000008,maker_000008,S1NO.1STYLE,,,,2026-09-05T03:31:50Z,2026-09-05T03:31:50Z
label_000009,maker_000009,ABSOLUTELYPERFECT,,,,2026-09-05T03:31:50Z,2026-09-05T03:31:50Z
label_000010,maker_000010,網走映像,網走映像,,,2026-09-05T03:31:50Z,2026-09-05T03:31:50Z
