id,maker_id,label_id,name,name_ja,description,created_at,updated_at
series_000001,maker_000005,label_000005,男潮吹きそのまま挿入、スプラッシュ中出し！,男潮吹きそのまま挿入、スプラッシュ中出し！,,2026-09-04T08:56:42Z,2026-09-04T08:56:42Z
series_000002,maker_000003,label_000003,上司が出張で不在中、上司の妻とめちゃくちゃハメまくった3日間。,上司が出張で不在中、上司の妻とめちゃくちゃハメまくった3日間。,,2026-09-05T03:31:50Z,2026-09-05T03:31:50Z
series_000003,maker_000003,label_000003,はじめての大・痙・攣スペシャル,はじめての大・痙・攣スペシャル,,2026-09-05T03:31:50Z,2026-09-05T03:31:50Z
series_000004,maker_000003,label_000003,女子社員と絶倫上司が出張先の相部屋ホテルで…,女子社員と絶倫上司が出張先の相部屋ホテルで…,,2026-09-05T03:31:50Z,2026-09-05T03:31:50Z
series_000005,maker_000003,label_000003,濃厚な唾液性交,濃厚な唾液性交,,2026-09-05T03:31:50Z,2026-09-05T03:31:50Z
series_000006,maker_000002,label_000002,濃厚な接吻とSEX,濃厚な接吻とSEX,,2026-09-05T03:31:50Z,2026-09-05T03:31:50Z
series_000007,maker_000002,label_000002,アイポケ逸材発掘プロジェクト,アイポケ逸材発掘プロジェクト,,2026-09-05T03:31:50Z,2026-09-05T03:31:50Z
series_000008,maker_000002,label_000002,絶頂覚醒！,絶頂覚醒！,,2026-09-05T03:31:50Z,2026-09-05T03:31:50Z
series_000009,maker_000004,label_000004,超絶品ソープ嬢,超絶品ソープ嬢,,2026-09-05T03:31:50Z,2026-09-05T03:31:50Z
series_000010,maker_000004,label_000004,○○のご奉仕メイド,○○のご奉仕メイド,,2026-09-05T03:31:50Z,2026-09-05T03:31:50Z
series_000011,maker_000004,label_000004,1日10回射精しても止まらないオーガズムSEX,1日10回射精しても止まらないオーガズムSEX,,2026-09-05T03:31:50Z,2026-09-05T03:31:50Z
series_000012,maker_000005,label_000005,有名コスプレイヤー月に一度の危険日中出しオフ会,有名コスプレイヤー月に一度の危険日中出しオフ会,,2026-09-05T03:31:50Z,2026-09-05T03:31:50Z
series_000013,maker_000005,label_000005,1日に200回イク女,1日に200回イク女,,2026-09-05T03:31:50Z,2026-09-05T03:31:50Z
series_000014,maker_000005,label_000005,我慢できれば生中出しSEX！,我慢できれば生中出しSEX！,,2026-09-05T03:31:50Z,2026-09-05T03:31:50Z
series_000015,maker_000006,label_000006,筆下ろし専門,筆下ろし専門,,2026-09-05T03:31:50Z,2026-09-05T03:31:50Z
series_000016,maker_000002,label_000002,絶倫フェラチオが～るふれんど。,絶倫フェラチオが～るふれんど。,,2026-09-05T03:31:50Z,2026-09-05T03:31:50Z
series_000017,maker_000008,label_000008,専属NO.1STYLE,専属NO.1STYLE,,2026-09-05T03:31:50Z,2026-09-05T03:31:50Z
series_000018,maker_000008,label_000008,交わる体液、濃密セックス,交わる体液、濃密セックス,,2026-09-05T03:31:50Z,2026-09-05T03:31:50Z
series_000019,maker_000009,label_000009,最新やみつきエステ,最新やみつきエステ,,2026-09-05T03:31:50Z,2026-09-05T03:31:50Z
series_000020,maker_000010,label_000010,夜間公衆便所淫撮連続レイプ魔,夜間公衆便所淫撮連続レイプ魔,,2026-09-05T03:31:50Z,2026-09-05T03:31:50Z
