id,primary_code,title,title_ja,release_date,duration_min,maker_id,label_id,series_id,description,cover_url,thumb_url,backdrop_url,score,created_at,updated_at
work_000001,MDVR-434,ご奉仕したいのに自分もイッちゃう激カワ敏感メイドと献身的な即尺フェラチオ&癒しのH カップ包みパイズリでハメまくる最高の休日,ご奉仕したいのに自分もイッちゃう激カワ敏感メイドと献身的な即尺フェラチオ&癒しのH カップ包みパイズリでハメまくる最高の休日,2026-08-11,90,maker_000001,label_000001,,,https://cdn.up-timely.com/image/30/content/85956/Dfso5IUKMuwfziBdfYsGiA5k9Y8Ukm7rKsayuHbz.jpg,,,,2026-08-31T14:50:24Z,2026-08-31T14:50:24Z
work_000002,IPZZ-597,Grave-bound secret with Kana-chan,墓まで持っていく僕とかなちゃん二人だけの秘密,2025-08-08,127,maker_000002,label_000002,,,,,,,2026-09-04T06:26:39Z,2026-09-04T06:26:39Z
work_000003,SSIS-001,一ヶ月間の禁欲の果てに彼女のルームメイト2人と浮気SEXだけに没頭した彼女不在の3日間。 葵つかさ 乙白さやか,一ヶ月間の禁欲の果てに彼女のルームメイト2人と浮気SEXだけに没頭した彼女不在の3日間。 葵つかさ 乙白さやか,2021-02-18,150,maker_000003,label_000003,,,https://www.javbus.com/pics/cover/83ie_b.jpg,https://www.javbus.com/pics/thumb/83ie.jpg,,0,2026-09-04T08:56:42Z,2026-09-04T08:56:42Z
work_000004,MIDE-345,JULIA 騎乗位SPECIAL,JULIA 騎乗位SPECIAL,2016-07-30,150,maker_000004,label_000004,,,https://www.javbus.com/pics/cover/5klt_b.jpg,https://www.javbus.com/pics/thumb/5klt.jpg,,0,2026-09-04T08:56:42Z,2026-09-04T08:56:42Z
work_000005,IPX-001,女子校生便所交際 便所でしか濡れないおじさん好きの変態マゾ美少女と思う存分便所ファック！ 妃月るい,女子校生便所交際 便所でしか濡れないおじさん好きの変態マゾ美少女と思う存分便所ファック！ 妃月るい,2017-08-11,160,maker_000002,label_000002,,,https://www.javbus.com/pics/cover/649d_b.jpg,https://www.javbus.com/pics/thumb/649d.jpg,,0,2026-09-04T08:56:42Z,2026-09-04T08:56:42Z
work_000006,WANZ-912,男潮吹きそのまま挿入、スプラッシュ中出し！ 桐谷まつり,男潮吹きそのまま挿入、スプラッシュ中出し！ 桐谷まつり,2019-11-23,119,maker_000005,label_000005,series_000001,,https://www.javbus.com/pics/cover/7f05_b.jpg,https://www.javbus.com/pics/thumb/7f05.jpg,,0,2026-09-04T08:56:42Z,2026-09-04T08:56:42Z
work_000007,SSIS-050,上司が出張で不在中、上司のJカップ妻とめちゃくちゃハメまくった3日間。 安齋らら,上司が出張で不在中、上司のJカップ妻とめちゃくちゃハメまくった3日間。 安齋らら,2021-04-14,120,maker_000003,label_000003,series_000002,,https://www.javbus.com/pics/cover/86q8_b.jpg,https://www.javbus.com/pics/thumb/86q8.jpg,,0,2026-09-05T03:31:50Z,2026-09-05T03:31:50Z
work_000008,SSIS-100,激イキ108回！痙攣4800回！イキ潮1500cc！ 純白Gカップ少女エロス覚醒 はじめての大・痙・攣スペシャル はやのうた,激イキ108回！痙攣4800回！イキ潮1500cc！ 純白Gカップ少女エロス覚醒 はじめての大・痙・攣スペシャル はやのうた,2021-06-16,120,maker_000003,label_000003,series_000003,,https://www.javbus.com/pics/cover/89yc_b.jpg,https://www.javbus.com/pics/thumb/89yc.jpg,,0,2026-09-05T03:31:50Z,2026-09-05T03:31:50Z
work_000009,SSIS-200,「先生のフェラのほうが気持ち良いよ？」 彼女ができた僕に嫉妬した痴女教師が執拗即尺で何度も寝取ろうとしてくる miru,「先生のフェラのほうが気持ち良いよ？」 彼女ができた僕に嫉妬した痴女教師が執拗即尺で何度も寝取ろうとしてくる miru,2021-10-08,119,maker_000003,label_000003,,,https://www.javbus.com/pics/cover/8hcw_b.jpg,https://www.javbus.com/pics/thumb/8hcw.jpg,,0,2026-09-05T03:31:50Z,2026-09-05T03:31:50Z
work_000010,SSIS-300,彼女の綺麗なお姉さんと二人きり… 突然のベロキス、イヤラしく舐め尽くされてセックス三昧 こんな僕って最低ですか…？ 葵つかさ,彼女の綺麗なお姉さんと二人きり… 突然のベロキス、イヤラしく舐め尽くされてセックス三昧 こんな僕って最低ですか…？ 葵つかさ,2022-01-21,118,maker_000003,label_000003,,,https://www.javbus.com/pics/cover/8q6n_b.jpg,https://www.javbus.com/pics/thumb/8q6n.jpg,,0,2026-09-05T03:31:50Z,2026-09-05T03:31:50Z
work_000011,SSIS-400,出張先で軽蔑している中年セクハラ上司とまさかの相部屋に… 深夜から早朝フライトまで続く絶倫性交に膣堕ちした新人客室乗務員 楓ふうあ,出張先で軽蔑している中年セクハラ上司とまさかの相部屋に… 深夜から早朝フライトまで続く絶倫性交に膣堕ちした新人客室乗務員 楓ふうあ,2022-05-06,120,maker_000003,label_000003,series_000004,,https://www.javbus.com/pics/cover/8wkq_b.jpg,https://www.javbus.com/pics/thumb/8wkq.jpg,,0,2026-09-05T03:31:50Z,2026-09-05T03:31:50Z
work_000012,SSIS-500,小宵こなんの濃厚な唾液性交,小宵こなんの濃厚な唾液性交,2022-08-19,156,maker_000003,label_000003,series_000005,,https://www.javbus.com/pics/cover/939l_b.jpg,https://www.javbus.com/pics/thumb/939l.jpg,,0,2026-09-05T03:31:50Z,2026-09-05T03:31:50Z
work_000013,SSIS-600,毎晩、コインランドリーで寝落ちした完全無防備のスキだらけ奥さんと洗濯終わりまでハメまくる日々 星宮一花,毎晩、コインランドリーで寝落ちした完全無防備のスキだらけ奥さんと洗濯終わりまでハメまくる日々 星宮一花,2023-01-20,140,maker_000003,label_000003,,,https://www.javbus.com/pics/cover/9gin_b.jpg,https://www.javbus.com/pics/thumb/9gin.jpg,,0,2026-09-05T03:31:50Z,2026-09-05T03:31:50Z
work_000014,SSIS-700,ピストンでエビ反り反応！追撃ピストンで痙攣絶頂！！とどめピストンで大量失禁イキ！！！ 鬼連突き限界アクメを更に超える膣奥オーガズム到達ピストンFUCK 小島みなみ,ピストンでエビ反り反応！追撃ピストンで痙攣絶頂！！とどめピストンで大量失禁イキ！！！ 鬼連突き限界アクメを更に超える膣奥オーガズム到達ピストンFUCK 小島みなみ,2023-05-05,117,maker_000003,label_000003,,,https://www.javbus.com/pics/cover/9ngr_b.jpg,https://www.javbus.com/pics/thumb/9ngr.jpg,,0,2026-09-05T03:31:50Z,2026-09-05T03:31:50Z
work_000015,IPX-100,ドエロいお姉さんと交わすヨダレだらだらツバだくだく濃厚な接吻とセックス 愛世くらら,ドエロいお姉さんと交わすヨダレだらだらツバだくだく濃厚な接吻とセックス 愛世くらら,2018-03-03,160,maker_000002,label_000002,series_000006,,https://www.javbus.com/pics/cover/6eww_b.jpg,https://www.javbus.com/pics/thumb/6eww.jpg,,0,2026-09-05T03:31:50Z,2026-09-05T03:31:50Z
work_000016,IPX-200,フェラチオ大好き過ぎて…絶対即尺！からの本番！連射お約束 凄テクソープ嬢 結城のの,フェラチオ大好き過ぎて…絶対即尺！からの本番！連射お約束 凄テクソープ嬢 結城のの,2018-09-13,120,maker_000002,label_000002,,,https://www.javbus.com/pics/cover/6q62_b.jpg,https://www.javbus.com/pics/thumb/6q62.jpg,,0,2026-09-05T03:31:50Z,2026-09-05T03:31:50Z
work_000017,IPX-300,Fカップ90cm桃色乳房！ 中出しOK秋葉原の家電量販店勤務オタク系巨乳美少女AVデビュー 逸材発掘プロジェクト,Fカップ90cm桃色乳房！ 中出しOK秋葉原の家電量販店勤務オタク系巨乳美少女AVデビュー 逸材発掘プロジェクト,2019-04-07,170,maker_000002,label_000002,series_000007,,https://www.javbus.com/pics/cover/71j6_b.jpg,https://www.javbus.com/pics/thumb/71j6.jpg,,0,2026-09-05T03:31:50Z,2026-09-05T03:31:50Z
work_000018,IPX-400,就職したい私につけ込む性処理ブラックインターンシップ 今日も上司は私だけ帰してくれません… 桃乃木かな,就職したい私につけ込む性処理ブラックインターンシップ 今日も上司は私だけ帰してくれません… 桃乃木かな,2019-11-09,150,maker_000002,label_000002,,,https://www.javbus.com/pics/cover/7cww_b.jpg,https://www.javbus.com/pics/thumb/7cww.jpg,,0,2026-09-05T03:31:50Z,2026-09-05T03:31:50Z
work_000019,IPX-500,もうセックスなしでは生きていけない… 絶頂イキ186回 マ○コ痙攣2236回 鬼ピストン3687回 快感潮 測定不能 絶頂覚醒 加美杏奈,もうセックスなしでは生きていけない… 絶頂イキ186回 マ○コ痙攣2236回 鬼ピストン3687回 快感潮 測定不能 絶頂覚醒 加美杏奈,2020-06-11,170,maker_000002,label_000002,series_000008,,https://www.javbus.com/pics/cover/7peo_b.jpg,https://www.javbus.com/pics/thumb/7peo.jpg,,0,2026-09-05T03:31:50Z,2026-09-05T03:31:50Z
work_000020,IPX-600,理性を狂わす魔性のベロキス 中年オヤジをたらし込む小悪魔ビッチ娘 西宮ゆめ,理性を狂わす魔性のベロキス 中年オヤジをたらし込む小悪魔ビッチ娘 西宮ゆめ,2021-01-09,120,maker_000002,label_000002,,,https://www.javbus.com/pics/cover/81bs_b.jpg,https://www.javbus.com/pics/thumb/81bs.jpg,,0,2026-09-05T03:31:50Z,2026-09-05T03:31:50Z
work_000021,MIDE-100,Gcup超絶品ソープ嬢 神咲詩織,Gcup超絶品ソープ嬢 神咲詩織,2014-04-26,170,maker_000004,label_000004,series_000009,,https://www.javbus.com/pics/cover/482a_b.jpg,https://www.javbus.com/pics/thumb/482a.jpg,,0,2026-09-05T03:31:50Z,2026-09-05T03:31:50Z
work_000022,MIDE-200,乃々果花のご奉仕メイド,乃々果花のご奉仕メイド,2015-02-13,150,maker_000004,label_000004,series_000010,,https://www.javbus.com/pics/cover/4mvt_b.jpg,https://www.javbus.com/pics/thumb/4mvt.jpg,,0,2026-09-05T03:31:50Z,2026-09-05T03:31:50Z
work_000023,MIDE-300,つぼみが素人乱交サークルに潜入してSEXしちゃった！,つぼみが素人乱交サークルに潜入してSEXしちゃった！,2016-01-09,150,maker_000004,label_000004,,,https://www.javbus.com/pics/cover/59qh_b.jpg,https://www.javbus.com/pics/thumb/59qh.jpg,,0,2026-09-05T03:31:50Z,2026-09-05T03:31:50Z
work_000024,MIDE-400,エッチな学校に転校しちゃった！ 西宮このみ,エッチな学校に転校しちゃった！ 西宮このみ,2017-02-11,180,maker_000004,label_000004,,,https://www.javbus.com/pics/cover/5u28_b.jpg,https://www.javbus.com/pics/thumb/5u28.jpg,,0,2026-09-05T03:31:50Z,2026-09-05T03:31:50Z
work_000025,MIDE-500,1日10回射精しても止まらないオーガズムSEX芸能人SP 高橋しょう子,1日10回射精しても止まらないオーガズムSEX芸能人SP 高橋しょう子,2017-12-27,180,maker_000004,label_000004,series_000011,,https://www.javbus.com/pics/cover/6c80_b.jpg,https://www.javbus.com/pics/thumb/6c80.jpg,,0,2026-09-05T03:31:50Z,2026-09-05T03:31:50Z
work_000026,WANZ-100,ぴったり水着DE激カワえっち つぼみ,ぴったり水着DE激カワえっち つぼみ,2013-10-01,160,maker_000005,label_000005,,,https://www.javbus.com/pics/cover/3xln_b.jpg,https://www.javbus.com/pics/thumb/3xln.jpg,,0,2026-09-05T03:31:50Z,2026-09-05T03:31:50Z
work_000027,WANZ-200,団地妻レズビアン 桜井あゆ 水樹りさ,団地妻レズビアン 桜井あゆ 水樹りさ,2014-05-29,120,maker_000005,label_000005,,,https://www.javbus.com/pics/cover/49xn_b.jpg,https://www.javbus.com/pics/thumb/49xn.jpg,,0,2026-09-05T03:31:50Z,2026-09-05T03:31:50Z
work_000028,WANZ-300,「おじさんとエッチしたい！！」が条件のハニカミ娘がAVデビュー 雨乃しずく,「おじさんとエッチしたい！！」が条件のハニカミ娘がAVデビュー 雨乃しずく,2015-01-25,120,maker_000005,label_000005,,,https://www.javbus.com/pics/cover/4mae_b.jpg,https://www.javbus.com/pics/thumb/4mae.jpg,,0,2026-09-05T03:31:50Z,2026-09-05T03:31:50Z
work_000029,WANZ-400,有名コスプレイヤー月に一度の危険日中出しオフ会 あいみ,有名コスプレイヤー月に一度の危険日中出しオフ会 あいみ,2015-09-27,120,maker_000005,label_000005,series_000012,,https://www.javbus.com/pics/cover/4z1t_b.jpg,https://www.javbus.com/pics/thumb/4z1t.jpg,,0,2026-09-05T03:31:50Z,2026-09-05T03:31:50Z
work_000030,WANZ-500,1日に200回イク女 大島美緒,1日に200回イク女 大島美緒,2016-05-29,119,maker_000005,label_000005,series_000013,,https://www.javbus.com/pics/cover/5hyf_b.jpg,https://www.javbus.com/pics/thumb/5hyf.jpg,,0,2026-09-05T03:31:50Z,2026-09-05T03:31:50Z
work_000031,WANZ-700,ショーパンお姉ちゃんのマンチラ誘惑 関根奈美,ショーパンお姉ちゃんのマンチラ誘惑 関根奈美,2017-12-09,120,maker_000005,label_000005,,,https://www.javbus.com/pics/cover/6amx_b.jpg,https://www.javbus.com/pics/thumb/6amx.jpg,,0,2026-09-05T03:31:50Z,2026-09-05T03:31:50Z
work_000032,WANZ-900,凛音とうかの凄テクを我慢できれば生★中出しSEX！,凛音とうかの凄テクを我慢できれば生★中出しSEX！,2019-10-26,170,maker_000005,label_000005,series_000014,,https://www.javbus.com/pics/cover/7cer_b.jpg,https://www.javbus.com/pics/thumb/7cer.jpg,,0,2026-09-05T03:31:50Z,2026-09-05T03:31:50Z
work_000033,PRED-100,筆下ろし専門 中出し小悪魔ソープ 神谷充希,筆下ろし専門 中出し小悪魔ソープ 神谷充希,2018-09-07,120,maker_000006,label_000006,series_000015,,https://www.javbus.com/pics/cover/6pr3_b.jpg,https://www.javbus.com/pics/thumb/6pr3.jpg,,0,2026-09-05T03:31:50Z,2026-09-05T03:31:50Z
work_000034,PRED-200,妻と倦怠期中の僕は逢花（義妹）に誘惑されて何度も、何度も、中出しをしてしまった…。 山岸逢花,妻と倦怠期中の僕は逢花（義妹）に誘惑されて何度も、何度も、中出しをしてしまった…。 山岸逢花,2019-11-30,120,maker_000006,label_000006,,,https://www.javbus.com/pics/cover/7frh_b.jpg,https://www.javbus.com/pics/thumb/7frh.jpg,,0,2026-09-05T03:31:50Z,2026-09-05T03:31:50Z
work_000035,PRED-300,息子の許嫁が娘になったから10年の念願を叶えて何度も中出しした。 星奈あい,息子の許嫁が娘になったから10年の念願を叶えて何度も中出しした。 星奈あい,2021-04-02,150,maker_000006,label_000006,,,https://www.javbus.com/pics/cover/85x7_b.jpg,https://www.javbus.com/pics/thumb/85x7.jpg,,0,2026-09-05T03:31:50Z,2026-09-05T03:31:50Z
work_000036,PPPD-100,爆乳美女は騎乗位で男を犯す 佐山愛,爆乳美女は騎乗位で男を犯す 佐山愛,2010-07-16,118,maker_000007,label_000007,,,https://www.javbus.com/pics/cover/2qqb_b.jpg,https://www.javbus.com/pics/thumb/2qqb.jpg,,0,2026-09-05T03:31:50Z,2026-09-05T03:31:50Z
work_000037,IPZZ-100,引退作品 即勃たせてくれるアゲまん 呼べば即舐め絶倫フェラチオ が～るふれんど。-The FINAL LOVE BOMB- 加美杏奈,引退作品 即勃たせてくれるアゲまん 呼べば即舐め絶倫フェラチオ が～るふれんど。-The FINAL LOVE BOMB- 加美杏奈,2023-09-08,150,maker_000002,label_000002,series_000016,,https://www.javbus.com/pics/cover/9wu5_b.jpg,https://www.javbus.com/pics/thumb/9wu5.jpg,,0,2026-09-05T03:31:50Z,2026-09-05T03:31:50Z
work_000038,IPZZ-300,隣人変態野郎に媚薬拉致監禁…美人姉妹ぶっ飛びキメセク肉穴便器化… さくらわかな 希島あいり,隣人変態野郎に媚薬拉致監禁…美人姉妹ぶっ飛びキメセク肉穴便器化… さくらわかな 希島あいり,2024-06-07,160,maker_000002,label_000002,,,https://www.javbus.com/pics/cover/ajpw_b.jpg,https://www.javbus.com/pics/thumb/ajpw.jpg,,0,2026-09-05T03:31:50Z,2026-09-05T03:31:50Z
work_000039,SNIS-001,専属NO.1 STYLE 新山らん エスワンデビュー,専属NO.1 STYLE 新山らん エスワンデビュー,2013-09-19,148,maker_000008,label_000008,series_000017,,https://www.javbus.com/pics/cover/3x8y_b.jpg,https://www.javbus.com/pics/thumb/3x8y.jpg,,0,2026-09-05T03:31:50Z,2026-09-05T03:31:50Z
work_000040,SNIS-100,交わる体液、濃密セックス 新山らん,交わる体液、濃密セックス 新山らん,2014-02-15,140,maker_000008,label_000008,series_000018,,https://www.javbus.com/pics/cover/44i6_b.jpg,https://www.javbus.com/pics/thumb/44i6.jpg,,0,2026-09-05T03:31:50Z,2026-09-05T03:31:50Z
work_000041,ABP-001,水咲ローラがご奉仕しちゃう超最新やみつきエステ,水咲ローラがご奉仕しちゃう超最新やみつきエステ,2013-06-28,125,maker_000009,label_000009,series_000019,,https://www.javbus.com/pics/cover/2qh5_b.jpg,https://www.javbus.com/pics/thumb/2qh5.jpg,,0,2026-09-05T03:31:50Z,2026-09-05T03:31:50Z
work_000042,ABA-001,夜間公衆便所 淫撮 連続レイプ魔 1,夜間公衆便所 淫撮 連続レイプ魔 1,2015-09-02,119,maker_000010,label_000010,series_000020,,https://www.javbus.com/pics/cover/4yyo_b.jpg,https://www.javbus.com/pics/thumb/4yyo.jpg,,0,2026-09-05T03:31:50Z,2026-09-05T03:31:50Z
work_000043,HEYZO-0001,浴衣deデート～夏のデートは刺激的に～,浴衣deデート～夏のデートは刺激的に～,2012-08-31,64,maker_000011,,,夏休みも終わってしまいましたが、皆さん良い思い出ができましたか？　できたあなたも、できなかったあなたも、星崎アンリちゃんの動画でスッキリしちゃってください！　今大人気のアンリちゃん、いやぁ、浴衣姿もカワイイっす！　花火大会の帰り道、人気のない公園に立ち寄ったアンリと彼。　浴衣姿で胸チラ、周りを気にしながらローターで感じちゃいます。　そんなアンリに辛抱たまらなくなった彼に、車に戻ってフェラ抜きしてあげちゃいます。　体に火がついてしまった二人、このままじゃ終われません！　ホテルに移動し、パコパコがんばっちゃいます！　最後は中出しで昇天！　イキ顔がまたカワイイ！！,https://www.heyzo.com/contents/3000/0001/images/player_thumbnail.jpg,https://www.heyzo.com/contents/3000/0001/images/player_thumbnail.jpg,,4,2026-09-05T03:31:50Z,2026-09-05T03:31:50Z
work_000044,040420_01,産まれてはじめてのゴックンに挑戦,産まれてはじめてのゴックンに挑戦,2020-04-04,57,maker_000012,,,ムチムチでエッチな身体がたまらない上原茉咲ちゃんが初のごっくん体験！ 初めての体験なのに結構乗り気な頼もしい茉咲ちゃん。まずはパイパンオマンコをいじり倒してオナニーでぬれぬれ、身も心も熱くなったところで男の手でエロ度をマックスにしてもらいます。挿入されると全身で感じでイキまくり、最後はお約束通り、いっぱい口内射精してもらって、思い切ってごっくん！ちょっと誇らしげな表情で嬉しそうにごっくん初体験できました！,https://www.10musume.com/moviepages/040420_01/images/str.jpg,https://www.10musume.com/moviepages/040420_01/images/list1.jpg,,3.3333333333333,2026-09-05T03:31:50Z,2026-09-05T03:31:50Z
work_000045,040420-001,自らマンコを打ち付けてくる凄エグ痴女 ～もっと気持ちよくなりたくて腰振り無双～,自らマンコを打ち付けてくる凄エグ痴女 ～もっと気持ちよくなりたくて腰振り無双～,2020-04-04,61,maker_000013,,,目力のある瞳に、巨乳で抱き心地のよいいい肉付きのいい女・上山奈々は、エッチに貪欲でSEX中、自分から動いちゃうほうなんだとか。クンニや手マンの間も腰を浮かせ、自ら動いて快楽を得る奈々ちゃんの動きをちゃんと見るために、ディルドオナニーをお願い。気持ち良さそうな声をあげながら、腰を振りオナニーに勤しむ姿がエロすぎる。パイズリ・フェラで気持ちよくさせたら、肉棒を自ら挿入し、腰を動かし、エロすぎる濃厚な絡みを最後は中出しで受け止め、フィニッシュです,https://www.caribbeancom.com/moviepages/040420-001/images/l_l.jpg,https://www.caribbeancom.com/moviepages/040420-001/images/l_l.jpg,,5,2026-09-05T03:31:50Z,2026-09-05T03:31:50Z
