id,entity_type,entity_id,source_name,source_record_id,field,observed_value,observed_language,observed_at,raw_hash,notes
obs_000001,actress,actress_000002,javinfo-fanza,fanza:ipzz00597:actress,primary_name,桃乃木かな,ja,2026-09-01T06:00:00Z,,
obs_000002,actress,actress_000002,javinfo-fanza,fanza:ipzz00597:actress,name_en,Kana Momonogi,en,2026-09-01T06:00:00Z,,
obs_000003,actress,actress_000002,javinfo-fanza,fanza:ipzz00597:actress,kana,もものぎ かな,ja,2026-09-01T06:00:00Z,,
obs_000004,maker,maker_000002,javinfo-fanza,,name,Idea Pocket,en,2026-09-01T06:00:00Z,,
obs_000005,label,label_000002,javinfo-fanza,,name,Dish,en,2026-09-01T06:00:00Z,,
obs_000006,genre,genre_000007,javinfo-fanza,,name,Slender,en,2026-09-01T06:00:00Z,,
obs_000007,work,work_000002,javinfo-fanza,fanza:ipzz00597,title,Grave-bound secret with Kana-chan,,2026-09-01T06:00:00Z,,
obs_000008,work,work_000002,javinfo-fanza,fanza:ipzz00597,title_ja,墓まで持っていく僕とかなちゃん二人だけの秘密,ja,2026-09-01T06:00:00Z,,
obs_000009,work,work_000002,javinfo-fanza,fanza:ipzz00597,release_date,2025-08-08,,2026-09-01T06:00:00Z,,
obs_000010,work,work_000002,javinfo-fanza,fanza:ipzz00597,duration_min,127,,2026-09-01T06:00:00Z,,
obs_000011,actress,actress_000003,metatube-bulk,,primary_name,葵つかさ,ja,2026-09-04T08:56:34.639Z,,
obs_000012,actress,actress_000003,metatube-bulk,,name_ja,葵つかさ,ja,2026-09-04T08:56:34.639Z,,
obs_000013,actress,actress_000003,metatube-bulk,,status,unknown,,2026-09-04T08:56:34.639Z,,
obs_000014,actress,actress_000004,metatube-bulk,,primary_name,乙白さやか,ja,2026-09-04T08:56:34.639Z,,
obs_000015,actress,actress_000004,metatube-bulk,,name_ja,乙白さやか,ja,2026-09-04T08:56:34.639Z,,
obs_000016,actress,actress_000004,metatube-bulk,,status,unknown,,2026-09-04T08:56:34.639Z,,
obs_000017,actress,actress_000005,metatube-bulk,,primary_name,JULIA,ja,2026-09-04T08:56:34.639Z,,
obs_000018,actress,actress_000005,metatube-bulk,,name_en,JULIA,en,2026-09-04T08:56:34.639Z,,
obs_000019,actress,actress_000005,metatube-bulk,,status,unknown,,2026-09-04T08:56:34.639Z,,
obs_000020,actress,actress_000006,metatube-bulk,,primary_name,妃月るい,ja,2026-09-04T08:56:34.639Z,,
obs_000021,actress,actress_000006,metatube-bulk,,name_ja,妃月るい,ja,2026-09-04T08:56:34.639Z,,
obs_000022,actress,actress_000006,metatube-bulk,,status,unknown,,2026-09-04T08:56:34.639Z,,
obs_000023,actress,actress_000007,metatube-bulk,,primary_name,桐谷まつり,ja,2026-09-04T08:56:34.639Z,,
obs_000024,actress,actress_000007,metatube-bulk,,name_ja,桐谷まつり,ja,2026-09-04T08:56:34.639Z,,
obs_000025,actress,actress_000007,metatube-bulk,,status,unknown,,2026-09-04T08:56:34.639Z,,
obs_000026,maker,maker_000003,metatube-bulk,,name,エスワン ナンバーワンスタイル,ja,2026-09-04T08:56:34.639Z,,
obs_000027,maker,maker_000003,metatube-bulk,,name_ja,エスワン ナンバーワンスタイル,ja,2026-09-04T08:56:34.639Z,,
obs_000028,label,label_000003,metatube-bulk,,name,S1 NO.1 STYLE,en,2026-09-04T08:56:34.639Z,,
obs_000029,genre,genre_000008,metatube-bulk,,name,3P・4P,ja,2026-09-04T08:56:34.639Z,,
obs_000030,genre,genre_000008,metatube-bulk,,name_ja,3P・4P,ja,2026-09-04T08:56:34.639Z,,
obs_000031,genre,genre_000009,metatube-bulk,,name,美乳,ja,2026-09-04T08:56:34.639Z,,
obs_000032,genre,genre_000009,metatube-bulk,,name_ja,美乳,ja,2026-09-04T08:56:34.639Z,,
obs_000033,genre,genre_000010,metatube-bulk,,name,ギリモザ,ja,2026-09-04T08:56:34.639Z,,
obs_000034,genre,genre_000010,metatube-bulk,,name_ja,ギリモザ,ja,2026-09-04T08:56:34.639Z,,
obs_000035,genre,genre_000011,metatube-bulk,,name,ハイビジョン,ja,2026-09-04T08:56:34.639Z,,
obs_000036,genre,genre_000011,metatube-bulk,,name_ja,ハイビジョン,ja,2026-09-04T08:56:34.639Z,,
obs_000037,genre,genre_000012,metatube-bulk,,name,寝取り・寝取られ,ja,2026-09-04T08:56:34.639Z,,
obs_000038,genre,genre_000012,metatube-bulk,,name_ja,寝取り・寝取られ,ja,2026-09-04T08:56:34.639Z,,
obs_000039,genre,genre_000013,metatube-bulk,,name,ドラマ,ja,2026-09-04T08:56:34.639Z,,
obs_000040,genre,genre_000013,metatube-bulk,,name_ja,ドラマ,ja,2026-09-04T08:56:34.639Z,,
obs_000041,genre,genre_000014,metatube-bulk,,name,独占配信,ja,2026-09-04T08:56:34.639Z,,
obs_000042,genre,genre_000014,metatube-bulk,,name_ja,独占配信,ja,2026-09-04T08:56:34.639Z,,
obs_000043,director,director_000002,metatube-bulk,,name,苺原,ja,2026-09-04T08:56:34.639Z,,
obs_000044,director,director_000002,metatube-bulk,,name_ja,苺原,ja,2026-09-04T08:56:34.639Z,,
obs_000045,work,work_000003,metatube-bulk,JavBus:SSIS-001,title,一ヶ月間の禁欲の果てに彼女のルームメイト2人と浮気SEXだけに没頭した彼女不在の3日間。 葵つかさ 乙白さやか,,2026-09-04T08:56:34.639Z,,
obs_000046,work,work_000003,metatube-bulk,JavBus:SSIS-001,title_ja,一ヶ月間の禁欲の果てに彼女のルームメイト2人と浮気SEXだけに没頭した彼女不在の3日間。 葵つかさ 乙白さやか,ja,2026-09-04T08:56:34.639Z,,
obs_000047,work,work_000003,metatube-bulk,JavBus:SSIS-001,release_date,2021-02-18,,2026-09-04T08:56:34.639Z,,
obs_000048,work,work_000003,metatube-bulk,JavBus:SSIS-001,duration_min,150,,2026-09-04T08:56:34.639Z,,
obs_000049,work,work_000003,metatube-bulk,JavBus:SSIS-001,cover_url,https://www.javbus.com/pics/cover/83ie_b.jpg,,2026-09-04T08:56:34.639Z,,
obs_000050,work,work_000003,metatube-bulk,JavBus:SSIS-001,thumb_url,https://www.javbus.com/pics/thumb/83ie.jpg,,2026-09-04T08:56:34.639Z,,
obs_000051,work,work_000003,metatube-bulk,JavBus:SSIS-001,score,0,,2026-09-04T08:56:34.639Z,,
obs_000052,maker,maker_000004,metatube-bulk,,name,ムーディーズ,ja,2026-09-04T08:56:34.639Z,,
obs_000053,maker,maker_000004,metatube-bulk,,name_ja,ムーディーズ,ja,2026-09-04T08:56:34.639Z,,
obs_000054,label,label_000004,metatube-bulk,,name,MOODYZDIVA,en,2026-09-04T08:56:34.639Z,,
obs_000055,genre,genre_000015,metatube-bulk,,name,淫語,ja,2026-09-04T08:56:34.639Z,,
obs_000056,genre,genre_000015,metatube-bulk,,name_ja,淫語,ja,2026-09-04T08:56:34.639Z,,
obs_000057,genre,genre_000016,metatube-bulk,,name,デジモ,ja,2026-09-04T08:56:34.639Z,,
obs_000058,genre,genre_000016,metatube-bulk,,name_ja,デジモ,ja,2026-09-04T08:56:34.639Z,,
obs_000059,genre,genre_000017,metatube-bulk,,name,主観,ja,2026-09-04T08:56:34.639Z,,
obs_000060,genre,genre_000017,metatube-bulk,,name_ja,主観,ja,2026-09-04T08:56:34.639Z,,
obs_000061,genre,genre_000018,metatube-bulk,,name,顔面騎乗,ja,2026-09-04T08:56:34.639Z,,
obs_000062,genre,genre_000018,metatube-bulk,,name_ja,顔面騎乗,ja,2026-09-04T08:56:34.639Z,,
obs_000063,genre,genre_000019,metatube-bulk,,name,巨乳,ja,2026-09-04T08:56:34.639Z,,
obs_000064,genre,genre_000019,metatube-bulk,,name_ja,巨乳,ja,2026-09-04T08:56:34.639Z,,
obs_000065,genre,genre_000020,metatube-bulk,,name,単体作品,ja,2026-09-04T08:56:34.639Z,,
obs_000066,genre,genre_000020,metatube-bulk,,name_ja,単体作品,ja,2026-09-04T08:56:34.639Z,,
obs_000067,director,director_000003,metatube-bulk,,name,南★波王,ja,2026-09-04T08:56:34.639Z,,
obs_000068,director,director_000003,metatube-bulk,,name_ja,南★波王,ja,2026-09-04T08:56:34.639Z,,
obs_000069,work,work_000004,metatube-bulk,JavBus:MIDE-345,title,JULIA 騎乗位SPECIAL,,2026-09-04T08:56:34.639Z,,
obs_000070,work,work_000004,metatube-bulk,JavBus:MIDE-345,title_ja,JULIA 騎乗位SPECIAL,ja,2026-09-04T08:56:34.639Z,,
obs_000071,work,work_000004,metatube-bulk,JavBus:MIDE-345,release_date,2016-07-30,,2026-09-04T08:56:34.639Z,,
obs_000072,work,work_000004,metatube-bulk,JavBus:MIDE-345,duration_min,150,,2026-09-04T08:56:34.639Z,,
obs_000073,work,work_000004,metatube-bulk,JavBus:MIDE-345,cover_url,https://www.javbus.com/pics/cover/5klt_b.jpg,,2026-09-04T08:56:34.639Z,,
obs_000074,work,work_000004,metatube-bulk,JavBus:MIDE-345,thumb_url,https://www.javbus.com/pics/thumb/5klt.jpg,,2026-09-04T08:56:34.639Z,,
obs_000075,work,work_000004,metatube-bulk,JavBus:MIDE-345,score,0,,2026-09-04T08:56:34.639Z,,
obs_000076,genre,genre_000021,metatube-bulk,,name,ハメ撮り,ja,2026-09-04T08:56:34.639Z,,
obs_000077,genre,genre_000021,metatube-bulk,,name_ja,ハメ撮り,ja,2026-09-04T08:56:34.639Z,,
obs_000078,genre,genre_000022,metatube-bulk,,name,イラマチオ,ja,2026-09-04T08:56:34.639Z,,
obs_000079,genre,genre_000022,metatube-bulk,,name_ja,イラマチオ,ja,2026-09-04T08:56:34.639Z,,
obs_000080,genre,genre_000023,metatube-bulk,,name,女子校生,ja,2026-09-04T08:56:34.639Z,,
obs_000081,genre,genre_000023,metatube-bulk,,name_ja,女子校生,ja,2026-09-04T08:56:34.639Z,,
obs_000082,director,director_000004,metatube-bulk,,name,刃修羅,ja,2026-09-04T08:56:34.639Z,,
obs_000083,director,director_000004,metatube-bulk,,name_ja,刃修羅,ja,2026-09-04T08:56:34.639Z,,
obs_000084,work,work_000005,metatube-bulk,JavBus:IPX-001,title,女子校生便所交際 便所でしか濡れないおじさん好きの変態マゾ美少女と思う存分便所ファック！ 妃月るい,,2026-09-04T08:56:34.639Z,,
obs_000085,work,work_000005,metatube-bulk,JavBus:IPX-001,title_ja,女子校生便所交際 便所でしか濡れないおじさん好きの変態マゾ美少女と思う存分便所ファック！ 妃月るい,ja,2026-09-04T08:56:34.639Z,,
obs_000086,work,work_000005,metatube-bulk,JavBus:IPX-001,release_date,2017-08-11,,2026-09-04T08:56:34.639Z,,
obs_000087,work,work_000005,metatube-bulk,JavBus:IPX-001,duration_min,160,,2026-09-04T08:56:34.639Z,,
obs_000088,work,work_000005,metatube-bulk,JavBus:IPX-001,cover_url,https://www.javbus.com/pics/cover/649d_b.jpg,,2026-09-04T08:56:34.639Z,,
obs_000089,work,work_000005,metatube-bulk,JavBus:IPX-001,thumb_url,https://www.javbus.com/pics/thumb/649d.jpg,,2026-09-04T08:56:34.639Z,,
obs_000090,work,work_000005,metatube-bulk,JavBus:IPX-001,score,0,,2026-09-04T08:56:34.639Z,,
obs_000091,maker,maker_000005,metatube-bulk,,name,ワンズファクトリー,ja,2026-09-04T08:56:34.639Z,,
obs_000092,maker,maker_000005,metatube-bulk,,name_ja,ワンズファクトリー,ja,2026-09-04T08:56:34.639Z,,
obs_000093,label,label_000005,metatube-bulk,,name,WANZ,en,2026-09-04T08:56:34.639Z,,
obs_000094,series,series_000001,metatube-bulk,,name,男潮吹きそのまま挿入、スプラッシュ中出し！,ja,2026-09-04T08:56:34.639Z,,
obs_000095,series,series_000001,metatube-bulk,,name_ja,男潮吹きそのまま挿入、スプラッシュ中出し！,ja,2026-09-04T08:56:34.639Z,,
obs_000096,genre,genre_000024,metatube-bulk,,name,痴女,ja,2026-09-04T08:56:34.639Z,,
obs_000097,genre,genre_000024,metatube-bulk,,name_ja,痴女,ja,2026-09-04T08:56:34.639Z,,
obs_000098,genre,genre_000025,metatube-bulk,,name,潮吹き,ja,2026-09-04T08:56:34.639Z,,
obs_000099,genre,genre_000025,metatube-bulk,,name_ja,潮吹き,ja,2026-09-04T08:56:34.639Z,,
obs_000100,genre,genre_000026,metatube-bulk,,name,中出し,ja,2026-09-04T08:56:34.639Z,,
obs_000101,genre,genre_000026,metatube-bulk,,name_ja,中出し,ja,2026-09-04T08:56:34.639Z,,
obs_000102,genre,genre_000027,metatube-bulk,,name,手コキ,ja,2026-09-04T08:56:34.639Z,,
obs_000103,genre,genre_000027,metatube-bulk,,name_ja,手コキ,ja,2026-09-04T08:56:34.639Z,,
obs_000104,work,work_000006,metatube-bulk,JavBus:WANZ-912,title,男潮吹きそのまま挿入、スプラッシュ中出し！ 桐谷まつり,,2026-09-04T08:56:34.639Z,,
obs_000105,work,work_000006,metatube-bulk,JavBus:WANZ-912,title_ja,男潮吹きそのまま挿入、スプラッシュ中出し！ 桐谷まつり,ja,2026-09-04T08:56:34.639Z,,
obs_000106,work,work_000006,metatube-bulk,JavBus:WANZ-912,release_date,2019-11-23,,2026-09-04T08:56:34.639Z,,
obs_000107,work,work_000006,metatube-bulk,JavBus:WANZ-912,duration_min,119,,2026-09-04T08:56:34.639Z,,
obs_000108,work,work_000006,metatube-bulk,JavBus:WANZ-912,cover_url,https://www.javbus.com/pics/cover/7f05_b.jpg,,2026-09-04T08:56:34.639Z,,
obs_000109,work,work_000006,metatube-bulk,JavBus:WANZ-912,thumb_url,https://www.javbus.com/pics/thumb/7f05.jpg,,2026-09-04T08:56:34.639Z,,
obs_000110,work,work_000006,metatube-bulk,JavBus:WANZ-912,score,0,,2026-09-04T08:56:34.639Z,,
obs_000111,actress,actress_000008,metatube-bulk,,primary_name,安齋らら,ja,2026-09-05T03:30:31.727Z,,
obs_000112,actress,actress_000008,metatube-bulk,,name_ja,安齋らら,ja,2026-09-05T03:30:31.727Z,,
obs_000113,actress,actress_000008,metatube-bulk,,status,unknown,,2026-09-05T03:30:31.727Z,,
obs_000114,actress,actress_000009,metatube-bulk,,primary_name,はやのうた,ja,2026-09-05T03:30:31.727Z,,
obs_000115,actress,actress_000009,metatube-bulk,,name_ja,はやのうた,ja,2026-09-05T03:30:31.727Z,,
obs_000116,actress,actress_000009,metatube-bulk,,status,unknown,,2026-09-05T03:30:31.727Z,,
obs_000117,actress,actress_000010,metatube-bulk,,primary_name,miru,ja,2026-09-05T03:30:31.727Z,,
obs_000118,actress,actress_000010,metatube-bulk,,name_en,miru,en,2026-09-05T03:30:31.727Z,,
obs_000119,actress,actress_000010,metatube-bulk,,status,unknown,,2026-09-05T03:30:31.727Z,,
obs_000120,actress,actress_000003,metatube-bulk,,primary_name,葵つかさ,ja,2026-09-05T03:30:31.727Z,,
obs_000121,actress,actress_000003,metatube-bulk,,name_ja,葵つかさ,ja,2026-09-05T03:30:31.727Z,,
obs_000122,actress,actress_000003,metatube-bulk,,status,unknown,,2026-09-05T03:30:31.727Z,,
obs_000123,actress,actress_000011,metatube-bulk,,primary_name,楓ふうあ,ja,2026-09-05T03:30:31.727Z,,
obs_000124,actress,actress_000011,metatube-bulk,,name_ja,楓ふうあ,ja,2026-09-05T03:30:31.727Z,,
obs_000125,actress,actress_000011,metatube-bulk,,status,unknown,,2026-09-05T03:30:31.727Z,,
obs_000126,actress,actress_000012,metatube-bulk,,primary_name,小宵こなん,ja,2026-09-05T03:30:31.727Z,,
obs_000127,actress,actress_000012,metatube-bulk,,name_ja,小宵こなん,ja,2026-09-05T03:30:31.727Z,,
obs_000128,actress,actress_000012,metatube-bulk,,status,unknown,,2026-09-05T03:30:31.727Z,,
obs_000129,actress,actress_000013,metatube-bulk,,primary_name,星宮一花,ja,2026-09-05T03:30:31.727Z,,
obs_000130,actress,actress_000013,metatube-bulk,,name_ja,星宮一花,ja,2026-09-05T03:30:31.727Z,,
obs_000131,actress,actress_000013,metatube-bulk,,status,unknown,,2026-09-05T03:30:31.727Z,,
obs_000132,actress,actress_000014,metatube-bulk,,primary_name,小島みなみ,ja,2026-09-05T03:30:31.727Z,,
obs_000133,actress,actress_000014,metatube-bulk,,name_ja,小島みなみ,ja,2026-09-05T03:30:31.727Z,,
obs_000134,actress,actress_000014,metatube-bulk,,status,unknown,,2026-09-05T03:30:31.727Z,,
obs_000135,actress,actress_000015,metatube-bulk,,primary_name,愛世くらら,ja,2026-09-05T03:30:31.727Z,,
obs_000136,actress,actress_000015,metatube-bulk,,name_ja,愛世くらら,ja,2026-09-05T03:30:31.727Z,,
obs_000137,actress,actress_000015,metatube-bulk,,status,unknown,,2026-09-05T03:30:31.727Z,,
obs_000138,actress,actress_000016,metatube-bulk,,primary_name,結城のの,ja,2026-09-05T03:30:31.727Z,,
obs_000139,actress,actress_000016,metatube-bulk,,name_ja,結城のの,ja,2026-09-05T03:30:31.727Z,,
obs_000140,actress,actress_000016,metatube-bulk,,status,unknown,,2026-09-05T03:30:31.727Z,,
obs_000141,actress,actress_000002,metatube-bulk,,primary_name,桃乃木かな,ja,2026-09-05T03:30:31.727Z,,
obs_000142,actress,actress_000002,metatube-bulk,,name_ja,桃乃木かな,ja,2026-09-05T03:30:31.727Z,,
obs_000143,actress,actress_000002,metatube-bulk,,status,unknown,,2026-09-05T03:30:31.727Z,,
obs_000144,actress,actress_000017,metatube-bulk,,primary_name,加美杏奈,ja,2026-09-05T03:30:31.727Z,,
obs_000145,actress,actress_000017,metatube-bulk,,name_ja,加美杏奈,ja,2026-09-05T03:30:31.727Z,,
obs_000146,actress,actress_000017,metatube-bulk,,status,unknown,,2026-09-05T03:30:31.727Z,,
obs_000147,actress,actress_000018,metatube-bulk,,primary_name,西宮ゆめ,ja,2026-09-05T03:30:31.727Z,,
obs_000148,actress,actress_000018,metatube-bulk,,name_ja,西宮ゆめ,ja,2026-09-05T03:30:31.727Z,,
obs_000149,actress,actress_000018,metatube-bulk,,status,unknown,,2026-09-05T03:30:31.727Z,,
obs_000150,actress,actress_000019,metatube-bulk,,primary_name,神咲詩織,ja,2026-09-05T03:30:31.727Z,,
obs_000151,actress,actress_000019,metatube-bulk,,name_ja,神咲詩織,ja,2026-09-05T03:30:31.727Z,,
obs_000152,actress,actress_000019,metatube-bulk,,status,unknown,,2026-09-05T03:30:31.727Z,,
obs_000153,actress,actress_000020,metatube-bulk,,primary_name,乃々果花,ja,2026-09-05T03:30:31.727Z,,
obs_000154,actress,actress_000020,metatube-bulk,,name_ja,乃々果花,ja,2026-09-05T03:30:31.727Z,,
obs_000155,actress,actress_000020,metatube-bulk,,status,unknown,,2026-09-05T03:30:31.727Z,,
obs_000156,actress,actress_000021,metatube-bulk,,primary_name,つぼみ,ja,2026-09-05T03:30:31.727Z,,
obs_000157,actress,actress_000021,metatube-bulk,,name_ja,つぼみ,ja,2026-09-05T03:30:31.727Z,,
obs_000158,actress,actress_000021,metatube-bulk,,status,unknown,,2026-09-05T03:30:31.727Z,,
obs_000159,actress,actress_000022,metatube-bulk,,primary_name,西宮このみ,ja,2026-09-05T03:30:31.727Z,,
obs_000160,actress,actress_000022,metatube-bulk,,name_ja,西宮このみ,ja,2026-09-05T03:30:31.727Z,,
obs_000161,actress,actress_000022,metatube-bulk,,status,unknown,,2026-09-05T03:30:31.727Z,,
obs_000162,actress,actress_000023,metatube-bulk,,primary_name,高橋しょう子,ja,2026-09-05T03:30:31.727Z,,
obs_000163,actress,actress_000023,metatube-bulk,,name_ja,高橋しょう子,ja,2026-09-05T03:30:31.727Z,,
obs_000164,actress,actress_000023,metatube-bulk,,status,unknown,,2026-09-05T03:30:31.727Z,,
obs_000165,actress,actress_000024,metatube-bulk,,primary_name,桜井あゆ,ja,2026-09-05T03:30:31.727Z,,
obs_000166,actress,actress_000024,metatube-bulk,,name_ja,桜井あゆ,ja,2026-09-05T03:30:31.727Z,,
obs_000167,actress,actress_000024,metatube-bulk,,status,unknown,,2026-09-05T03:30:31.727Z,,
obs_000168,actress,actress_000025,metatube-bulk,,primary_name,水樹りさ,ja,2026-09-05T03:30:31.727Z,,
obs_000169,actress,actress_000025,metatube-bulk,,name_ja,水樹りさ,ja,2026-09-05T03:30:31.727Z,,
obs_000170,actress,actress_000025,metatube-bulk,,status,unknown,,2026-09-05T03:30:31.727Z,,
obs_000171,actress,actress_000026,metatube-bulk,,primary_name,雨乃しずく,ja,2026-09-05T03:30:31.727Z,,
obs_000172,actress,actress_000026,metatube-bulk,,name_ja,雨乃しずく,ja,2026-09-05T03:30:31.727Z,,
obs_000173,actress,actress_000026,metatube-bulk,,status,unknown,,2026-09-05T03:30:31.727Z,,
obs_000174,actress,actress_000027,metatube-bulk,,primary_name,吉川あいみ,ja,2026-09-05T03:30:31.727Z,,
obs_000175,actress,actress_000027,metatube-bulk,,name_ja,吉川あいみ,ja,2026-09-05T03:30:31.727Z,,
obs_000176,actress,actress_000027,metatube-bulk,,status,unknown,,2026-09-05T03:30:31.727Z,,
obs_000177,actress,actress_000028,metatube-bulk,,primary_name,大島美緒,ja,2026-09-05T03:30:31.727Z,,
obs_000178,actress,actress_000028,metatube-bulk,,name_ja,大島美緒,ja,2026-09-05T03:30:31.727Z,,
obs_000179,actress,actress_000028,metatube-bulk,,status,unknown,,2026-09-05T03:30:31.727Z,,
obs_000180,actress,actress_000029,metatube-bulk,,primary_name,関根奈美,ja,2026-09-05T03:30:31.727Z,,
obs_000181,actress,actress_000029,metatube-bulk,,name_ja,関根奈美,ja,2026-09-05T03:30:31.727Z,,
obs_000182,actress,actress_000029,metatube-bulk,,status,unknown,,2026-09-05T03:30:31.727Z,,
obs_000183,actress,actress_000030,metatube-bulk,,primary_name,凛音とうか,ja,2026-09-05T03:30:31.727Z,,
obs_000184,actress,actress_000030,metatube-bulk,,name_ja,凛音とうか,ja,2026-09-05T03:30:31.727Z,,
obs_000185,actress,actress_000030,metatube-bulk,,status,unknown,,2026-09-05T03:30:31.727Z,,
obs_000186,actress,actress_000031,metatube-bulk,,primary_name,神谷充希,ja,2026-09-05T03:30:31.727Z,,
obs_000187,actress,actress_000031,metatube-bulk,,name_ja,神谷充希,ja,2026-09-05T03:30:31.727Z,,
obs_000188,actress,actress_000031,metatube-bulk,,status,unknown,,2026-09-05T03:30:31.727Z,,
obs_000189,actress,actress_000032,metatube-bulk,,primary_name,山岸逢花,ja,2026-09-05T03:30:31.727Z,,
obs_000190,actress,actress_000032,metatube-bulk,,name_ja,山岸逢花,ja,2026-09-05T03:30:31.727Z,,
obs_000191,actress,actress_000032,metatube-bulk,,status,unknown,,2026-09-05T03:30:31.727Z,,
obs_000192,actress,actress_000033,metatube-bulk,,primary_name,星奈あい,ja,2026-09-05T03:30:31.727Z,,
obs_000193,actress,actress_000033,metatube-bulk,,name_ja,星奈あい,ja,2026-09-05T03:30:31.727Z,,
obs_000194,actress,actress_000033,metatube-bulk,,status,unknown,,2026-09-05T03:30:31.727Z,,
obs_000195,actress,actress_000034,metatube-bulk,,primary_name,佐山愛,ja,2026-09-05T03:30:31.727Z,,
obs_000196,actress,actress_000034,metatube-bulk,,name_ja,佐山愛,ja,2026-09-05T03:30:31.727Z,,
obs_000197,actress,actress_000034,metatube-bulk,,status,unknown,,2026-09-05T03:30:31.727Z,,
obs_000198,actress,actress_000035,metatube-bulk,,primary_name,さくらわかな,ja,2026-09-05T03:30:31.727Z,,
obs_000199,actress,actress_000035,metatube-bulk,,name_ja,さくらわかな,ja,2026-09-05T03:30:31.727Z,,
obs_000200,actress,actress_000035,metatube-bulk,,status,unknown,,2026-09-05T03:30:31.727Z,,
obs_000201,actress,actress_000036,metatube-bulk,,primary_name,希島あいり,ja,2026-09-05T03:30:31.727Z,,
obs_000202,actress,actress_000036,metatube-bulk,,name_ja,希島あいり,ja,2026-09-05T03:30:31.727Z,,
obs_000203,actress,actress_000036,metatube-bulk,,status,unknown,,2026-09-05T03:30:31.727Z,,
obs_000204,actress,actress_000037,metatube-bulk,,primary_name,新山らん,ja,2026-09-05T03:30:31.727Z,,
obs_000205,actress,actress_000037,metatube-bulk,,name_ja,新山らん,ja,2026-09-05T03:30:31.727Z,,
obs_000206,actress,actress_000037,metatube-bulk,,status,unknown,,2026-09-05T03:30:31.727Z,,
obs_000207,actress,actress_000038,metatube-bulk,,primary_name,水咲ローラ（滝澤ローラ）,ja,2026-09-05T03:30:31.727Z,,
obs_000208,actress,actress_000038,metatube-bulk,,name_ja,水咲ローラ（滝澤ローラ）,ja,2026-09-05T03:30:31.727Z,,
obs_000209,actress,actress_000038,metatube-bulk,,status,unknown,,2026-09-05T03:30:31.727Z,,
obs_000210,actress,actress_000039,metatube-bulk,,primary_name,星崎アンリ,ja,2026-09-05T03:30:31.727Z,,
obs_000211,actress,actress_000039,metatube-bulk,,name_ja,星崎アンリ,ja,2026-09-05T03:30:31.727Z,,
obs_000212,actress,actress_000039,metatube-bulk,,status,unknown,,2026-09-05T03:30:31.727Z,,
obs_000213,actress,actress_000040,metatube-bulk,,primary_name,上原茉咲,ja,2026-09-05T03:30:31.727Z,,
obs_000214,actress,actress_000040,metatube-bulk,,name_ja,上原茉咲,ja,2026-09-05T03:30:31.727Z,,
obs_000215,actress,actress_000040,metatube-bulk,,status,unknown,,2026-09-05T03:30:31.727Z,,
obs_000216,actress,actress_000041,metatube-bulk,,primary_name,上山奈々,ja,2026-09-05T03:30:31.727Z,,
obs_000217,actress,actress_000041,metatube-bulk,,name_ja,上山奈々,ja,2026-09-05T03:30:31.727Z,,
obs_000218,actress,actress_000041,metatube-bulk,,status,unknown,,2026-09-05T03:30:31.727Z,,
obs_000219,series,series_000002,metatube-bulk,,name,上司が出張で不在中、上司の妻とめちゃくちゃハメまくった3日間。,ja,2026-09-05T03:30:31.727Z,,
obs_000220,series,series_000002,metatube-bulk,,name_ja,上司が出張で不在中、上司の妻とめちゃくちゃハメまくった3日間。,ja,2026-09-05T03:30:31.727Z,,
obs_000221,genre,genre_000028,metatube-bulk,,name,人妻,ja,2026-09-05T03:30:31.727Z,,
obs_000222,genre,genre_000028,metatube-bulk,,name_ja,人妻,ja,2026-09-05T03:30:31.727Z,,
obs_000223,director,director_000005,metatube-bulk,,name,五右衛門,ja,2026-09-05T03:30:31.727Z,,
obs_000224,director,director_000005,metatube-bulk,,name_ja,五右衛門,ja,2026-09-05T03:30:31.727Z,,
obs_000225,work,work_000007,metatube-bulk,JavBus:SSIS-050,title,上司が出張で不在中、上司のJカップ妻とめちゃくちゃハメまくった3日間。 安齋らら,,2026-09-05T03:30:31.727Z,,
obs_000226,work,work_000007,metatube-bulk,JavBus:SSIS-050,title_ja,上司が出張で不在中、上司のJカップ妻とめちゃくちゃハメまくった3日間。 安齋らら,ja,2026-09-05T03:30:31.727Z,,
obs_000227,work,work_000007,metatube-bulk,JavBus:SSIS-050,release_date,2021-04-14,,2026-09-05T03:30:31.727Z,,
obs_000228,work,work_000007,metatube-bulk,JavBus:SSIS-050,duration_min,120,,2026-09-05T03:30:31.727Z,,
obs_000229,work,work_000007,metatube-bulk,JavBus:SSIS-050,cover_url,https://www.javbus.com/pics/cover/86q8_b.jpg,,2026-09-05T03:30:31.727Z,,
obs_000230,work,work_000007,metatube-bulk,JavBus:SSIS-050,thumb_url,https://www.javbus.com/pics/thumb/86q8.jpg,,2026-09-05T03:30:31.727Z,,
obs_000231,work,work_000007,metatube-bulk,JavBus:SSIS-050,score,0,,2026-09-05T03:30:31.727Z,,
obs_000232,series,series_000003,metatube-bulk,,name,はじめての大・痙・攣スペシャル,ja,2026-09-05T03:30:31.727Z,,
obs_000233,series,series_000003,metatube-bulk,,name_ja,はじめての大・痙・攣スペシャル,ja,2026-09-05T03:30:31.727Z,,
obs_000234,genre,genre_000029,metatube-bulk,,name,淫乱・ハード系,ja,2026-09-05T03:30:31.727Z,,
obs_000235,genre,genre_000029,metatube-bulk,,name_ja,淫乱・ハード系,ja,2026-09-05T03:30:31.727Z,,
obs_000236,work,work_000008,metatube-bulk,JavBus:SSIS-100,title,激イキ108回！痙攣4800回！イキ潮1500cc！ 純白Gカップ少女エロス覚醒 はじめての大・痙・攣スペシャル はやのうた,,2026-09-05T03:30:31.727Z,,
obs_000237,work,work_000008,metatube-bulk,JavBus:SSIS-100,title_ja,激イキ108回！痙攣4800回！イキ潮1500cc！ 純白Gカップ少女エロス覚醒 はじめての大・痙・攣スペシャル はやのうた,ja,2026-09-05T03:30:31.727Z,,
obs_000238,work,work_000008,metatube-bulk,JavBus:SSIS-100,release_date,2021-06-16,,2026-09-05T03:30:31.727Z,,
obs_000239,work,work_000008,metatube-bulk,JavBus:SSIS-100,duration_min,120,,2026-09-05T03:30:31.727Z,,
obs_000240,work,work_000008,metatube-bulk,JavBus:SSIS-100,cover_url,https://www.javbus.com/pics/cover/89yc_b.jpg,,2026-09-05T03:30:31.727Z,,
obs_000241,work,work_000008,metatube-bulk,JavBus:SSIS-100,thumb_url,https://www.javbus.com/pics/thumb/89yc.jpg,,2026-09-05T03:30:31.727Z,,
obs_000242,work,work_000008,metatube-bulk,JavBus:SSIS-100,score,0,,2026-09-05T03:30:31.727Z,,
obs_000243,genre,genre_000030,metatube-bulk,,name,女教師,ja,2026-09-05T03:30:31.727Z,,
obs_000244,genre,genre_000030,metatube-bulk,,name_ja,女教師,ja,2026-09-05T03:30:31.727Z,,
obs_000245,genre,genre_000031,metatube-bulk,,name,顔射,ja,2026-09-05T03:30:31.727Z,,
obs_000246,genre,genre_000031,metatube-bulk,,name_ja,顔射,ja,2026-09-05T03:30:31.727Z,,
obs_000247,genre,genre_000032,metatube-bulk,,name,4K,en,2026-09-05T03:30:31.727Z,,
obs_000248,director,director_000006,metatube-bulk,,name,赤井彗星,ja,2026-09-05T03:30:31.727Z,,
obs_000249,director,director_000006,metatube-bulk,,name_ja,赤井彗星,ja,2026-09-05T03:30:31.727Z,,
obs_000250,work,work_000009,metatube-bulk,JavBus:SSIS-200,title,「先生のフェラのほうが気持ち良いよ？」 彼女ができた僕に嫉妬した痴女教師が執拗即尺で何度も寝取ろうとしてくる miru,,2026-09-05T03:30:31.727Z,,
obs_000251,work,work_000009,metatube-bulk,JavBus:SSIS-200,title_ja,「先生のフェラのほうが気持ち良いよ？」 彼女ができた僕に嫉妬した痴女教師が執拗即尺で何度も寝取ろうとしてくる miru,ja,2026-09-05T03:30:31.727Z,,
obs_000252,work,work_000009,metatube-bulk,JavBus:SSIS-200,release_date,2021-10-08,,2026-09-05T03:30:31.727Z,,
obs_000253,work,work_000009,metatube-bulk,JavBus:SSIS-200,duration_min,119,,2026-09-05T03:30:31.727Z,,
obs_000254,work,work_000009,metatube-bulk,JavBus:SSIS-200,cover_url,https://www.javbus.com/pics/cover/8hcw_b.jpg,,2026-09-05T03:30:31.727Z,,
obs_000255,work,work_000009,metatube-bulk,JavBus:SSIS-200,thumb_url,https://www.javbus.com/pics/thumb/8hcw.jpg,,2026-09-05T03:30:31.727Z,,
obs_000256,work,work_000009,metatube-bulk,JavBus:SSIS-200,score,0,,2026-09-05T03:30:31.727Z,,
obs_000257,genre,genre_000033,metatube-bulk,,name,お姉さん,ja,2026-09-05T03:30:31.727Z,,
obs_000258,genre,genre_000033,metatube-bulk,,name_ja,お姉さん,ja,2026-09-05T03:30:31.727Z,,
obs_000259,genre,genre_000034,metatube-bulk,,name,姉・妹,ja,2026-09-05T03:30:31.727Z,,
obs_000260,genre,genre_000034,metatube-bulk,,name_ja,姉・妹,ja,2026-09-05T03:30:31.727Z,,
obs_000261,genre,genre_000035,metatube-bulk,,name,キス・接吻,ja,2026-09-05T03:30:31.727Z,,
obs_000262,genre,genre_000035,metatube-bulk,,name_ja,キス・接吻,ja,2026-09-05T03:30:31.727Z,,
obs_000263,director,director_000007,metatube-bulk,,name,きとるね川口,ja,2026-09-05T03:30:31.727Z,,
obs_000264,director,director_000007,metatube-bulk,,name_ja,きとるね川口,ja,2026-09-05T03:30:31.727Z,,
obs_000265,work,work_000010,metatube-bulk,JavBus:SSIS-300,title,彼女の綺麗なお姉さんと二人きり… 突然のベロキス、イヤラしく舐め尽くされてセックス三昧 こんな僕って最低ですか…？ 葵つかさ,,2026-09-05T03:30:31.727Z,,
obs_000266,work,work_000010,metatube-bulk,JavBus:SSIS-300,title_ja,彼女の綺麗なお姉さんと二人きり… 突然のベロキス、イヤラしく舐め尽くされてセックス三昧 こんな僕って最低ですか…？ 葵つかさ,ja,2026-09-05T03:30:31.727Z,,
obs_000267,work,work_000010,metatube-bulk,JavBus:SSIS-300,release_date,2022-01-21,,2026-09-05T03:30:31.727Z,,
obs_000268,work,work_000010,metatube-bulk,JavBus:SSIS-300,duration_min,118,,2026-09-05T03:30:31.727Z,,
obs_000269,work,work_000010,metatube-bulk,JavBus:SSIS-300,cover_url,https://www.javbus.com/pics/cover/8q6n_b.jpg,,2026-09-05T03:30:31.727Z,,
obs_000270,work,work_000010,metatube-bulk,JavBus:SSIS-300,thumb_url,https://www.javbus.com/pics/thumb/8q6n.jpg,,2026-09-05T03:30:31.727Z,,
obs_000271,work,work_000010,metatube-bulk,JavBus:SSIS-300,score,0,,2026-09-05T03:30:31.727Z,,
obs_000272,series,series_000004,metatube-bulk,,name,女子社員と絶倫上司が出張先の相部屋ホテルで…,ja,2026-09-05T03:30:31.727Z,,
obs_000273,series,series_000004,metatube-bulk,,name_ja,女子社員と絶倫上司が出張先の相部屋ホテルで…,ja,2026-09-05T03:30:31.727Z,,
obs_000274,director,director_000008,metatube-bulk,,name,前田文豪,ja,2026-09-05T03:30:31.727Z,,
obs_000275,director,director_000008,metatube-bulk,,name_ja,前田文豪,ja,2026-09-05T03:30:31.727Z,,
obs_000276,work,work_000011,metatube-bulk,JavBus:SSIS-400,title,出張先で軽蔑している中年セクハラ上司とまさかの相部屋に… 深夜から早朝フライトまで続く絶倫性交に膣堕ちした新人客室乗務員 楓ふうあ,,2026-09-05T03:30:31.727Z,,
obs_000277,work,work_000011,metatube-bulk,JavBus:SSIS-400,title_ja,出張先で軽蔑している中年セクハラ上司とまさかの相部屋に… 深夜から早朝フライトまで続く絶倫性交に膣堕ちした新人客室乗務員 楓ふうあ,ja,2026-09-05T03:30:31.727Z,,
obs_000278,work,work_000011,metatube-bulk,JavBus:SSIS-400,release_date,2022-05-06,,2026-09-05T03:30:31.727Z,,
obs_000279,work,work_000011,metatube-bulk,JavBus:SSIS-400,duration_min,120,,2026-09-05T03:30:31.727Z,,
obs_000280,work,work_000011,metatube-bulk,JavBus:SSIS-400,cover_url,https://www.javbus.com/pics/cover/8wkq_b.jpg,,2026-09-05T03:30:31.727Z,,
obs_000281,work,work_000011,metatube-bulk,JavBus:SSIS-400,thumb_url,https://www.javbus.com/pics/thumb/8wkq.jpg,,2026-09-05T03:30:31.727Z,,
obs_000282,work,work_000011,metatube-bulk,JavBus:SSIS-400,score,0,,2026-09-05T03:30:31.727Z,,
obs_000283,series,series_000005,metatube-bulk,,name,濃厚な唾液性交,ja,2026-09-05T03:30:31.727Z,,
obs_000284,series,series_000005,metatube-bulk,,name_ja,濃厚な唾液性交,ja,2026-09-05T03:30:31.727Z,,
obs_000285,director,director_000009,metatube-bulk,,name,イナバール,ja,2026-09-05T03:30:31.727Z,,
obs_000286,director,director_000009,metatube-bulk,,name_ja,イナバール,ja,2026-09-05T03:30:31.727Z,,
obs_000287,work,work_000012,metatube-bulk,JavBus:SSIS-500,title,小宵こなんの濃厚な唾液性交,,2026-09-05T03:30:31.727Z,,
obs_000288,work,work_000012,metatube-bulk,JavBus:SSIS-500,title_ja,小宵こなんの濃厚な唾液性交,ja,2026-09-05T03:30:31.727Z,,
obs_000289,work,work_000012,metatube-bulk,JavBus:SSIS-500,release_date,2022-08-19,,2026-09-05T03:30:31.727Z,,
obs_000290,work,work_000012,metatube-bulk,JavBus:SSIS-500,duration_min,156,,2026-09-05T03:30:31.727Z,,
obs_000291,work,work_000012,metatube-bulk,JavBus:SSIS-500,cover_url,https://www.javbus.com/pics/cover/939l_b.jpg,,2026-09-05T03:30:31.727Z,,
obs_000292,work,work_000012,metatube-bulk,JavBus:SSIS-500,thumb_url,https://www.javbus.com/pics/thumb/939l.jpg,,2026-09-05T03:30:31.727Z,,
obs_000293,work,work_000012,metatube-bulk,JavBus:SSIS-500,score,0,,2026-09-05T03:30:31.727Z,,
obs_000294,genre,genre_000036,metatube-bulk,,name,汗だく,ja,2026-09-05T03:30:31.727Z,,
obs_000295,genre,genre_000036,metatube-bulk,,name_ja,汗だく,ja,2026-09-05T03:30:31.727Z,,
obs_000296,genre,genre_000037,metatube-bulk,,name,ランジェリー,ja,2026-09-05T03:30:31.727Z,,
obs_000297,genre,genre_000037,metatube-bulk,,name_ja,ランジェリー,ja,2026-09-05T03:30:31.727Z,,
obs_000298,director,director_000010,metatube-bulk,,name,三島六三郎,ja,2026-09-05T03:30:31.727Z,,
obs_000299,director,director_000010,metatube-bulk,,name_ja,三島六三郎,ja,2026-09-05T03:30:31.727Z,,
obs_000300,work,work_000013,metatube-bulk,JavBus:SSIS-600,title,毎晩、コインランドリーで寝落ちした完全無防備のスキだらけ奥さんと洗濯終わりまでハメまくる日々 星宮一花,,2026-09-05T03:30:31.727Z,,
obs_000301,work,work_000013,metatube-bulk,JavBus:SSIS-600,title_ja,毎晩、コインランドリーで寝落ちした完全無防備のスキだらけ奥さんと洗濯終わりまでハメまくる日々 星宮一花,ja,2026-09-05T03:30:31.727Z,,
obs_000302,work,work_000013,metatube-bulk,JavBus:SSIS-600,release_date,2023-01-20,,2026-09-05T03:30:31.727Z,,
obs_000303,work,work_000013,metatube-bulk,JavBus:SSIS-600,duration_min,140,,2026-09-05T03:30:31.727Z,,
obs_000304,work,work_000013,metatube-bulk,JavBus:SSIS-600,cover_url,https://www.javbus.com/pics/cover/9gin_b.jpg,,2026-09-05T03:30:31.727Z,,
obs_000305,work,work_000013,metatube-bulk,JavBus:SSIS-600,thumb_url,https://www.javbus.com/pics/thumb/9gin.jpg,,2026-09-05T03:30:31.727Z,,
obs_000306,work,work_000013,metatube-bulk,JavBus:SSIS-600,score,0,,2026-09-05T03:30:31.727Z,,
obs_000307,genre,genre_000038,metatube-bulk,,name,ポルチオ,ja,2026-09-05T03:30:31.727Z,,
obs_000308,genre,genre_000038,metatube-bulk,,name_ja,ポルチオ,ja,2026-09-05T03:30:31.727Z,,
obs_000309,genre,genre_000039,metatube-bulk,,name,デカチン・巨根,ja,2026-09-05T03:30:31.727Z,,
obs_000310,genre,genre_000039,metatube-bulk,,name_ja,デカチン・巨根,ja,2026-09-05T03:30:31.727Z,,
obs_000311,director,director_000011,metatube-bulk,,name,キョウセイ,ja,2026-09-05T03:30:31.727Z,,
obs_000312,director,director_000011,metatube-bulk,,name_ja,キョウセイ,ja,2026-09-05T03:30:31.727Z,,
obs_000313,work,work_000014,metatube-bulk,JavBus:SSIS-700,title,ピストンでエビ反り反応！追撃ピストンで痙攣絶頂！！とどめピストンで大量失禁イキ！！！ 鬼連突き限界アクメを更に超える膣奥オーガズム到達ピストンFUCK 小島みなみ,,2026-09-05T03:30:31.727Z,,
obs_000314,work,work_000014,metatube-bulk,JavBus:SSIS-700,title_ja,ピストンでエビ反り反応！追撃ピストンで痙攣絶頂！！とどめピストンで大量失禁イキ！！！ 鬼連突き限界アクメを更に超える膣奥オーガズム到達ピストンFUCK 小島みなみ,ja,2026-09-05T03:30:31.727Z,,
obs_000315,work,work_000014,metatube-bulk,JavBus:SSIS-700,release_date,2023-05-05,,2026-09-05T03:30:31.727Z,,
obs_000316,work,work_000014,metatube-bulk,JavBus:SSIS-700,duration_min,117,,2026-09-05T03:30:31.727Z,,
obs_000317,work,work_000014,metatube-bulk,JavBus:SSIS-700,cover_url,https://www.javbus.com/pics/cover/9ngr_b.jpg,,2026-09-05T03:30:31.727Z,,
obs_000318,work,work_000014,metatube-bulk,JavBus:SSIS-700,thumb_url,https://www.javbus.com/pics/thumb/9ngr.jpg,,2026-09-05T03:30:31.727Z,,
obs_000319,work,work_000014,metatube-bulk,JavBus:SSIS-700,score,0,,2026-09-05T03:30:31.727Z,,
obs_000320,series,series_000006,metatube-bulk,,name,濃厚な接吻とSEX,ja,2026-09-05T03:30:31.727Z,,
obs_000321,series,series_000006,metatube-bulk,,name_ja,濃厚な接吻とSEX,ja,2026-09-05T03:30:31.727Z,,
obs_000322,director,director_000012,metatube-bulk,,name,うさぴょん。,ja,2026-09-05T03:30:31.727Z,,
obs_000323,director,director_000012,metatube-bulk,,name_ja,うさぴょん。,ja,2026-09-05T03:30:31.727Z,,
obs_000324,work,work_000015,metatube-bulk,JavBus:IPX-100,title,ドエロいお姉さんと交わすヨダレだらだらツバだくだく濃厚な接吻とセックス 愛世くらら,,2026-09-05T03:30:31.727Z,,
obs_000325,work,work_000015,metatube-bulk,JavBus:IPX-100,title_ja,ドエロいお姉さんと交わすヨダレだらだらツバだくだく濃厚な接吻とセックス 愛世くらら,ja,2026-09-05T03:30:31.727Z,,
obs_000326,work,work_000015,metatube-bulk,JavBus:IPX-100,release_date,2018-03-03,,2026-09-05T03:30:31.727Z,,
obs_000327,work,work_000015,metatube-bulk,JavBus:IPX-100,duration_min,160,,2026-09-05T03:30:31.727Z,,
obs_000328,work,work_000015,metatube-bulk,JavBus:IPX-100,cover_url,https://www.javbus.com/pics/cover/6eww_b.jpg,,2026-09-05T03:30:31.727Z,,
obs_000329,work,work_000015,metatube-bulk,JavBus:IPX-100,thumb_url,https://www.javbus.com/pics/thumb/6eww.jpg,,2026-09-05T03:30:31.727Z,,
obs_000330,work,work_000015,metatube-bulk,JavBus:IPX-100,score,0,,2026-09-05T03:30:31.727Z,,
obs_000331,genre,genre_000040,metatube-bulk,,name,キャバ嬢・風俗嬢,ja,2026-09-05T03:30:31.727Z,,
obs_000332,genre,genre_000040,metatube-bulk,,name_ja,キャバ嬢・風俗嬢,ja,2026-09-05T03:30:31.727Z,,
obs_000333,genre,genre_000041,metatube-bulk,,name,ローション,ja,2026-09-05T03:30:31.727Z,,
obs_000334,genre,genre_000041,metatube-bulk,,name_ja,ローション,ja,2026-09-05T03:30:31.727Z,,
obs_000335,director,director_000013,metatube-bulk,,name,TAKE-D,en,2026-09-05T03:30:31.727Z,,
obs_000336,work,work_000016,metatube-bulk,JavBus:IPX-200,title,フェラチオ大好き過ぎて…絶対即尺！からの本番！連射お約束 凄テクソープ嬢 結城のの,,2026-09-05T03:30:31.727Z,,
obs_000337,work,work_000016,metatube-bulk,JavBus:IPX-200,title_ja,フェラチオ大好き過ぎて…絶対即尺！からの本番！連射お約束 凄テクソープ嬢 結城のの,ja,2026-09-05T03:30:31.727Z,,
obs_000338,work,work_000016,metatube-bulk,JavBus:IPX-200,release_date,2018-09-13,,2026-09-05T03:30:31.727Z,,
obs_000339,work,work_000016,metatube-bulk,JavBus:IPX-200,duration_min,120,,2026-09-05T03:30:31.727Z,,
obs_000340,work,work_000016,metatube-bulk,JavBus:IPX-200,cover_url,https://www.javbus.com/pics/cover/6q62_b.jpg,,2026-09-05T03:30:31.727Z,,
obs_000341,work,work_000016,metatube-bulk,JavBus:IPX-200,thumb_url,https://www.javbus.com/pics/thumb/6q62.jpg,,2026-09-05T03:30:31.727Z,,
obs_000342,work,work_000016,metatube-bulk,JavBus:IPX-200,score,0,,2026-09-05T03:30:31.727Z,,
obs_000343,series,series_000007,metatube-bulk,,name,アイポケ逸材発掘プロジェクト,ja,2026-09-05T03:30:31.727Z,,
obs_000344,series,series_000007,metatube-bulk,,name_ja,アイポケ逸材発掘プロジェクト,ja,2026-09-05T03:30:31.727Z,,
obs_000345,genre,genre_000042,metatube-bulk,,name,素人,ja,2026-09-05T03:30:31.727Z,,
obs_000346,genre,genre_000042,metatube-bulk,,name_ja,素人,ja,2026-09-05T03:30:31.727Z,,
obs_000347,work,work_000017,metatube-bulk,JavBus:IPX-300,title,Fカップ90cm桃色乳房！ 中出しOK秋葉原の家電量販店勤務オタク系巨乳美少女AVデビュー 逸材発掘プロジェクト,,2026-09-05T03:30:31.727Z,,
obs_000348,work,work_000017,metatube-bulk,JavBus:IPX-300,title_ja,Fカップ90cm桃色乳房！ 中出しOK秋葉原の家電量販店勤務オタク系巨乳美少女AVデビュー 逸材発掘プロジェクト,ja,2026-09-05T03:30:31.727Z,,
obs_000349,work,work_000017,metatube-bulk,JavBus:IPX-300,release_date,2019-04-07,,2026-09-05T03:30:31.727Z,,
obs_000350,work,work_000017,metatube-bulk,JavBus:IPX-300,duration_min,170,,2026-09-05T03:30:31.727Z,,
obs_000351,work,work_000017,metatube-bulk,JavBus:IPX-300,cover_url,https://www.javbus.com/pics/cover/71j6_b.jpg,,2026-09-05T03:30:31.727Z,,
obs_000352,work,work_000017,metatube-bulk,JavBus:IPX-300,thumb_url,https://www.javbus.com/pics/thumb/71j6.jpg,,2026-09-05T03:30:31.727Z,,
obs_000353,work,work_000017,metatube-bulk,JavBus:IPX-300,score,0,,2026-09-05T03:30:31.727Z,,
obs_000354,genre,genre_000043,metatube-bulk,,name,女子大生,ja,2026-09-05T03:30:31.727Z,,
obs_000355,genre,genre_000043,metatube-bulk,,name_ja,女子大生,ja,2026-09-05T03:30:31.727Z,,
obs_000356,work,work_000018,metatube-bulk,JavBus:IPX-400,title,就職したい私につけ込む性処理ブラックインターンシップ 今日も上司は私だけ帰してくれません… 桃乃木かな,,2026-09-05T03:30:31.727Z,,
obs_000357,work,work_000018,metatube-bulk,JavBus:IPX-400,title_ja,就職したい私につけ込む性処理ブラックインターンシップ 今日も上司は私だけ帰してくれません… 桃乃木かな,ja,2026-09-05T03:30:31.727Z,,
obs_000358,work,work_000018,metatube-bulk,JavBus:IPX-400,release_date,2019-11-09,,2026-09-05T03:30:31.727Z,,
obs_000359,work,work_000018,metatube-bulk,JavBus:IPX-400,duration_min,150,,2026-09-05T03:30:31.727Z,,
obs_000360,work,work_000018,metatube-bulk,JavBus:IPX-400,cover_url,https://www.javbus.com/pics/cover/7cww_b.jpg,,2026-09-05T03:30:31.727Z,,
obs_000361,work,work_000018,metatube-bulk,JavBus:IPX-400,thumb_url,https://www.javbus.com/pics/thumb/7cww.jpg,,2026-09-05T03:30:31.727Z,,
obs_000362,work,work_000018,metatube-bulk,JavBus:IPX-400,score,0,,2026-09-05T03:30:31.727Z,,
obs_000363,series,series_000008,metatube-bulk,,name,絶頂覚醒！,ja,2026-09-05T03:30:31.727Z,,
obs_000364,series,series_000008,metatube-bulk,,name_ja,絶頂覚醒！,ja,2026-09-05T03:30:31.727Z,,
obs_000365,genre,genre_000044,metatube-bulk,,name,拘束,ja,2026-09-05T03:30:31.727Z,,
obs_000366,genre,genre_000044,metatube-bulk,,name_ja,拘束,ja,2026-09-05T03:30:31.727Z,,
obs_000367,director,director_000014,metatube-bulk,,name,ドラゴン西川,ja,2026-09-05T03:30:31.727Z,,
obs_000368,director,director_000014,metatube-bulk,,name_ja,ドラゴン西川,ja,2026-09-05T03:30:31.727Z,,
obs_000369,work,work_000019,metatube-bulk,JavBus:IPX-500,title,もうセックスなしでは生きていけない… 絶頂イキ186回 マ○コ痙攣2236回 鬼ピストン3687回 快感潮 測定不能 絶頂覚醒 加美杏奈,,2026-09-05T03:30:31.727Z,,
obs_000370,work,work_000019,metatube-bulk,JavBus:IPX-500,title_ja,もうセックスなしでは生きていけない… 絶頂イキ186回 マ○コ痙攣2236回 鬼ピストン3687回 快感潮 測定不能 絶頂覚醒 加美杏奈,ja,2026-09-05T03:30:31.727Z,,
obs_000371,work,work_000019,metatube-bulk,JavBus:IPX-500,release_date,2020-06-11,,2026-09-05T03:30:31.727Z,,
obs_000372,work,work_000019,metatube-bulk,JavBus:IPX-500,duration_min,170,,2026-09-05T03:30:31.727Z,,
obs_000373,work,work_000019,metatube-bulk,JavBus:IPX-500,cover_url,https://www.javbus.com/pics/cover/7peo_b.jpg,,2026-09-05T03:30:31.727Z,,
obs_000374,work,work_000019,metatube-bulk,JavBus:IPX-500,thumb_url,https://www.javbus.com/pics/thumb/7peo.jpg,,2026-09-05T03:30:31.727Z,,
obs_000375,work,work_000019,metatube-bulk,JavBus:IPX-500,score,0,,2026-09-05T03:30:31.727Z,,
obs_000376,work,work_000020,metatube-bulk,JavBus:IPX-600,title,理性を狂わす魔性のベロキス 中年オヤジをたらし込む小悪魔ビッチ娘 西宮ゆめ,,2026-09-05T03:30:31.727Z,,
obs_000377,work,work_000020,metatube-bulk,JavBus:IPX-600,title_ja,理性を狂わす魔性のベロキス 中年オヤジをたらし込む小悪魔ビッチ娘 西宮ゆめ,ja,2026-09-05T03:30:31.727Z,,
obs_000378,work,work_000020,metatube-bulk,JavBus:IPX-600,release_date,2021-01-09,,2026-09-05T03:30:31.727Z,,
obs_000379,work,work_000020,metatube-bulk,JavBus:IPX-600,duration_min,120,,2026-09-05T03:30:31.727Z,,
obs_000380,work,work_000020,metatube-bulk,JavBus:IPX-600,cover_url,https://www.javbus.com/pics/cover/81bs_b.jpg,,2026-09-05T03:30:31.727Z,,
obs_000381,work,work_000020,metatube-bulk,JavBus:IPX-600,thumb_url,https://www.javbus.com/pics/thumb/81bs.jpg,,2026-09-05T03:30:31.727Z,,
obs_000382,work,work_000020,metatube-bulk,JavBus:IPX-600,score,0,,2026-09-05T03:30:31.727Z,,
obs_000383,series,series_000009,metatube-bulk,,name,超絶品ソープ嬢,ja,2026-09-05T03:30:31.727Z,,
obs_000384,series,series_000009,metatube-bulk,,name_ja,超絶品ソープ嬢,ja,2026-09-05T03:30:31.727Z,,
obs_000385,director,director_000015,metatube-bulk,,name,K.C.武田,ja,2026-09-05T03:30:31.727Z,,
obs_000386,director,director_000015,metatube-bulk,,name_ja,K.C.武田,ja,2026-09-05T03:30:31.727Z,,
obs_000387,work,work_000021,metatube-bulk,JavBus:MIDE-100,title,Gcup超絶品ソープ嬢 神咲詩織,,2026-09-05T03:30:31.727Z,,
obs_000388,work,work_000021,metatube-bulk,JavBus:MIDE-100,title_ja,Gcup超絶品ソープ嬢 神咲詩織,ja,2026-09-05T03:30:31.727Z,,
obs_000389,work,work_000021,metatube-bulk,JavBus:MIDE-100,release_date,2014-04-26,,2026-09-05T03:30:31.727Z,,
obs_000390,work,work_000021,metatube-bulk,JavBus:MIDE-100,duration_min,170,,2026-09-05T03:30:31.727Z,,
obs_000391,work,work_000021,metatube-bulk,JavBus:MIDE-100,cover_url,https://www.javbus.com/pics/cover/482a_b.jpg,,2026-09-05T03:30:31.727Z,,
obs_000392,work,work_000021,metatube-bulk,JavBus:MIDE-100,thumb_url,https://www.javbus.com/pics/thumb/482a.jpg,,2026-09-05T03:30:31.727Z,,
obs_000393,work,work_000021,metatube-bulk,JavBus:MIDE-100,score,0,,2026-09-05T03:30:31.727Z,,
obs_000394,series,series_000010,metatube-bulk,,name,○○のご奉仕メイド,ja,2026-09-05T03:30:31.727Z,,
obs_000395,series,series_000010,metatube-bulk,,name_ja,○○のご奉仕メイド,ja,2026-09-05T03:30:31.727Z,,
obs_000396,genre,genre_000045,metatube-bulk,,name,コスプレ,ja,2026-09-05T03:30:31.727Z,,
obs_000397,genre,genre_000045,metatube-bulk,,name_ja,コスプレ,ja,2026-09-05T03:30:31.727Z,,
obs_000398,genre,genre_000046,metatube-bulk,,name,アイドル・芸能人,ja,2026-09-05T03:30:31.727Z,,
obs_000399,genre,genre_000046,metatube-bulk,,name_ja,アイドル・芸能人,ja,2026-09-05T03:30:31.727Z,,
obs_000400,director,director_000016,metatube-bulk,,name,テキラティーノ,ja,2026-09-05T03:30:31.727Z,,
obs_000401,director,director_000016,metatube-bulk,,name_ja,テキラティーノ,ja,2026-09-05T03:30:31.727Z,,
obs_000402,work,work_000022,metatube-bulk,JavBus:MIDE-200,title,乃々果花のご奉仕メイド,,2026-09-05T03:30:31.727Z,,
obs_000403,work,work_000022,metatube-bulk,JavBus:MIDE-200,title_ja,乃々果花のご奉仕メイド,ja,2026-09-05T03:30:31.727Z,,
obs_000404,work,work_000022,metatube-bulk,JavBus:MIDE-200,release_date,2015-02-13,,2026-09-05T03:30:31.727Z,,
obs_000405,work,work_000022,metatube-bulk,JavBus:MIDE-200,duration_min,150,,2026-09-05T03:30:31.727Z,,
obs_000406,work,work_000022,metatube-bulk,JavBus:MIDE-200,cover_url,https://www.javbus.com/pics/cover/4mvt_b.jpg,,2026-09-05T03:30:31.727Z,,
obs_000407,work,work_000022,metatube-bulk,JavBus:MIDE-200,thumb_url,https://www.javbus.com/pics/thumb/4mvt.jpg,,2026-09-05T03:30:31.727Z,,
obs_000408,work,work_000022,metatube-bulk,JavBus:MIDE-200,score,0,,2026-09-05T03:30:31.727Z,,
obs_000409,genre,genre_000047,metatube-bulk,,name,SM,en,2026-09-05T03:30:31.727Z,,
obs_000410,genre,genre_000048,metatube-bulk,,name,レズ,ja,2026-09-05T03:30:31.727Z,,
obs_000411,genre,genre_000048,metatube-bulk,,name_ja,レズ,ja,2026-09-05T03:30:31.727Z,,
obs_000412,genre,genre_000049,metatube-bulk,,name,乱交,ja,2026-09-05T03:30:31.727Z,,
obs_000413,genre,genre_000049,metatube-bulk,,name_ja,乱交,ja,2026-09-05T03:30:31.727Z,,
obs_000414,work,work_000023,metatube-bulk,JavBus:MIDE-300,title,つぼみが素人乱交サークルに潜入してSEXしちゃった！,,2026-09-05T03:30:31.727Z,,
obs_000415,work,work_000023,metatube-bulk,JavBus:MIDE-300,title_ja,つぼみが素人乱交サークルに潜入してSEXしちゃった！,ja,2026-09-05T03:30:31.727Z,,
obs_000416,work,work_000023,metatube-bulk,JavBus:MIDE-300,release_date,2016-01-09,,2026-09-05T03:30:31.727Z,,
obs_000417,work,work_000023,metatube-bulk,JavBus:MIDE-300,duration_min,150,,2026-09-05T03:30:31.727Z,,
obs_000418,work,work_000023,metatube-bulk,JavBus:MIDE-300,cover_url,https://www.javbus.com/pics/cover/59qh_b.jpg,,2026-09-05T03:30:31.727Z,,
obs_000419,work,work_000023,metatube-bulk,JavBus:MIDE-300,thumb_url,https://www.javbus.com/pics/thumb/59qh.jpg,,2026-09-05T03:30:31.727Z,,
obs_000420,work,work_000023,metatube-bulk,JavBus:MIDE-300,score,0,,2026-09-05T03:30:31.727Z,,
obs_000421,genre,genre_000050,metatube-bulk,,name,学生服,ja,2026-09-05T03:30:31.727Z,,
obs_000422,genre,genre_000050,metatube-bulk,,name_ja,学生服,ja,2026-09-05T03:30:31.727Z,,
obs_000423,genre,genre_000051,metatube-bulk,,name,競泳・スクール水着,ja,2026-09-05T03:30:31.727Z,,
obs_000424,genre,genre_000051,metatube-bulk,,name_ja,競泳・スクール水着,ja,2026-09-05T03:30:31.727Z,,
obs_000425,genre,genre_000052,metatube-bulk,,name,体操着・ブルマ,ja,2026-09-05T03:30:31.727Z,,
obs_000426,genre,genre_000052,metatube-bulk,,name_ja,体操着・ブルマ,ja,2026-09-05T03:30:31.727Z,,
obs_000427,director,director_000017,metatube-bulk,,name,宇佐美忠則,ja,2026-09-05T03:30:31.727Z,,
obs_000428,director,director_000017,metatube-bulk,,name_ja,宇佐美忠則,ja,2026-09-05T03:30:31.727Z,,
obs_000429,work,work_000024,metatube-bulk,JavBus:MIDE-400,title,エッチな学校に転校しちゃった！ 西宮このみ,,2026-09-05T03:30:31.727Z,,
obs_000430,work,work_000024,metatube-bulk,JavBus:MIDE-400,title_ja,エッチな学校に転校しちゃった！ 西宮このみ,ja,2026-09-05T03:30:31.727Z,,
obs_000431,work,work_000024,metatube-bulk,JavBus:MIDE-400,release_date,2017-02-11,,2026-09-05T03:30:31.727Z,,
obs_000432,work,work_000024,metatube-bulk,JavBus:MIDE-400,duration_min,180,,2026-09-05T03:30:31.727Z,,
obs_000433,work,work_000024,metatube-bulk,JavBus:MIDE-400,cover_url,https://www.javbus.com/pics/cover/5u28_b.jpg,,2026-09-05T03:30:31.727Z,,
obs_000434,work,work_000024,metatube-bulk,JavBus:MIDE-400,thumb_url,https://www.javbus.com/pics/thumb/5u28.jpg,,2026-09-05T03:30:31.727Z,,
obs_000435,work,work_000024,metatube-bulk,JavBus:MIDE-400,score,0,,2026-09-05T03:30:31.727Z,,
obs_000436,series,series_000011,metatube-bulk,,name,1日10回射精しても止まらないオーガズムSEX,ja,2026-09-05T03:30:31.727Z,,
obs_000437,series,series_000011,metatube-bulk,,name_ja,1日10回射精しても止まらないオーガズムSEX,ja,2026-09-05T03:30:31.727Z,,
obs_000438,work,work_000025,metatube-bulk,JavBus:MIDE-500,title,1日10回射精しても止まらないオーガズムSEX芸能人SP 高橋しょう子,,2026-09-05T03:30:31.727Z,,
obs_000439,work,work_000025,metatube-bulk,JavBus:MIDE-500,title_ja,1日10回射精しても止まらないオーガズムSEX芸能人SP 高橋しょう子,ja,2026-09-05T03:30:31.727Z,,
obs_000440,work,work_000025,metatube-bulk,JavBus:MIDE-500,release_date,2017-12-27,,2026-09-05T03:30:31.727Z,,
obs_000441,work,work_000025,metatube-bulk,JavBus:MIDE-500,duration_min,180,,2026-09-05T03:30:31.727Z,,
obs_000442,work,work_000025,metatube-bulk,JavBus:MIDE-500,cover_url,https://www.javbus.com/pics/cover/6c80_b.jpg,,2026-09-05T03:30:31.727Z,,
obs_000443,work,work_000025,metatube-bulk,JavBus:MIDE-500,thumb_url,https://www.javbus.com/pics/thumb/6c80.jpg,,2026-09-05T03:30:31.727Z,,
obs_000444,work,work_000025,metatube-bulk,JavBus:MIDE-500,score,0,,2026-09-05T03:30:31.727Z,,
obs_000445,work,work_000026,metatube-bulk,JavBus:WANZ-100,title,ぴったり水着DE激カワえっち つぼみ,,2026-09-05T03:30:31.727Z,,
obs_000446,work,work_000026,metatube-bulk,JavBus:WANZ-100,title_ja,ぴったり水着DE激カワえっち つぼみ,ja,2026-09-05T03:30:31.727Z,,
obs_000447,work,work_000026,metatube-bulk,JavBus:WANZ-100,release_date,2013-10-01,,2026-09-05T03:30:31.727Z,,
obs_000448,work,work_000026,metatube-bulk,JavBus:WANZ-100,duration_min,160,,2026-09-05T03:30:31.727Z,,
obs_000449,work,work_000026,metatube-bulk,JavBus:WANZ-100,cover_url,https://www.javbus.com/pics/cover/3xln_b.jpg,,2026-09-05T03:30:31.727Z,,
obs_000450,work,work_000026,metatube-bulk,JavBus:WANZ-100,thumb_url,https://www.javbus.com/pics/thumb/3xln.jpg,,2026-09-05T03:30:31.727Z,,
obs_000451,work,work_000026,metatube-bulk,JavBus:WANZ-100,score,0,,2026-09-05T03:30:31.727Z,,
obs_000452,genre,genre_000053,metatube-bulk,,name,レズキス,ja,2026-09-05T03:30:31.727Z,,
obs_000453,genre,genre_000053,metatube-bulk,,name_ja,レズキス,ja,2026-09-05T03:30:31.727Z,,
obs_000454,work,work_000027,metatube-bulk,JavBus:WANZ-200,title,団地妻レズビアン 桜井あゆ 水樹りさ,,2026-09-05T03:30:31.727Z,,
obs_000455,work,work_000027,metatube-bulk,JavBus:WANZ-200,title_ja,団地妻レズビアン 桜井あゆ 水樹りさ,ja,2026-09-05T03:30:31.727Z,,
obs_000456,work,work_000027,metatube-bulk,JavBus:WANZ-200,release_date,2014-05-29,,2026-09-05T03:30:31.727Z,,
obs_000457,work,work_000027,metatube-bulk,JavBus:WANZ-200,duration_min,120,,2026-09-05T03:30:31.727Z,,
obs_000458,work,work_000027,metatube-bulk,JavBus:WANZ-200,cover_url,https://www.javbus.com/pics/cover/49xn_b.jpg,,2026-09-05T03:30:31.727Z,,
obs_000459,work,work_000027,metatube-bulk,JavBus:WANZ-200,thumb_url,https://www.javbus.com/pics/thumb/49xn.jpg,,2026-09-05T03:30:31.727Z,,
obs_000460,work,work_000027,metatube-bulk,JavBus:WANZ-200,score,0,,2026-09-05T03:30:31.727Z,,
obs_000461,genre,genre_000054,metatube-bulk,,name,お嬢様・令嬢,ja,2026-09-05T03:30:31.727Z,,
obs_000462,genre,genre_000054,metatube-bulk,,name_ja,お嬢様・令嬢,ja,2026-09-05T03:30:31.727Z,,
obs_000463,genre,genre_000055,metatube-bulk,,name,ドキュメンタリー,ja,2026-09-05T03:30:31.727Z,,
obs_000464,genre,genre_000055,metatube-bulk,,name_ja,ドキュメンタリー,ja,2026-09-05T03:30:31.727Z,,
obs_000465,genre,genre_000056,metatube-bulk,,name,デビュー作品,ja,2026-09-05T03:30:31.727Z,,
obs_000466,genre,genre_000056,metatube-bulk,,name_ja,デビュー作品,ja,2026-09-05T03:30:31.727Z,,
obs_000467,work,work_000028,metatube-bulk,JavBus:WANZ-300,title,「おじさんとエッチしたい！！」が条件のハニカミ娘がAVデビュー 雨乃しずく,,2026-09-05T03:30:31.727Z,,
obs_000468,work,work_000028,metatube-bulk,JavBus:WANZ-300,title_ja,「おじさんとエッチしたい！！」が条件のハニカミ娘がAVデビュー 雨乃しずく,ja,2026-09-05T03:30:31.727Z,,
obs_000469,work,work_000028,metatube-bulk,JavBus:WANZ-300,release_date,2015-01-25,,2026-09-05T03:30:31.727Z,,
obs_000470,work,work_000028,metatube-bulk,JavBus:WANZ-300,duration_min,120,,2026-09-05T03:30:31.727Z,,
obs_000471,work,work_000028,metatube-bulk,JavBus:WANZ-300,cover_url,https://www.javbus.com/pics/cover/4mae_b.jpg,,2026-09-05T03:30:31.727Z,,
obs_000472,work,work_000028,metatube-bulk,JavBus:WANZ-300,thumb_url,https://www.javbus.com/pics/thumb/4mae.jpg,,2026-09-05T03:30:31.727Z,,
obs_000473,work,work_000028,metatube-bulk,JavBus:WANZ-300,score,0,,2026-09-05T03:30:31.727Z,,
obs_000474,series,series_000012,metatube-bulk,,name,有名コスプレイヤー月に一度の危険日中出しオフ会,ja,2026-09-05T03:30:31.727Z,,
obs_000475,series,series_000012,metatube-bulk,,name_ja,有名コスプレイヤー月に一度の危険日中出しオフ会,ja,2026-09-05T03:30:31.727Z,,
obs_000476,work,work_000029,metatube-bulk,JavBus:WANZ-400,title,有名コスプレイヤー月に一度の危険日中出しオフ会 あいみ,,2026-09-05T03:30:31.727Z,,
obs_000477,work,work_000029,metatube-bulk,JavBus:WANZ-400,title_ja,有名コスプレイヤー月に一度の危険日中出しオフ会 あいみ,ja,2026-09-05T03:30:31.727Z,,
obs_000478,work,work_000029,metatube-bulk,JavBus:WANZ-400,release_date,2015-09-27,,2026-09-05T03:30:31.727Z,,
obs_000479,work,work_000029,metatube-bulk,JavBus:WANZ-400,duration_min,120,,2026-09-05T03:30:31.727Z,,
obs_000480,work,work_000029,metatube-bulk,JavBus:WANZ-400,cover_url,https://www.javbus.com/pics/cover/4z1t_b.jpg,,2026-09-05T03:30:31.727Z,,
obs_000481,work,work_000029,metatube-bulk,JavBus:WANZ-400,thumb_url,https://www.javbus.com/pics/thumb/4z1t.jpg,,2026-09-05T03:30:31.727Z,,
obs_000482,work,work_000029,metatube-bulk,JavBus:WANZ-400,score,0,,2026-09-05T03:30:31.727Z,,
obs_000483,series,series_000013,metatube-bulk,,name,1日に200回イク女,ja,2026-09-05T03:30:31.727Z,,
obs_000484,series,series_000013,metatube-bulk,,name_ja,1日に200回イク女,ja,2026-09-05T03:30:31.727Z,,
obs_000485,work,work_000030,metatube-bulk,JavBus:WANZ-500,title,1日に200回イク女 大島美緒,,2026-09-05T03:30:31.727Z,,
obs_000486,work,work_000030,metatube-bulk,JavBus:WANZ-500,title_ja,1日に200回イク女 大島美緒,ja,2026-09-05T03:30:31.727Z,,
obs_000487,work,work_000030,metatube-bulk,JavBus:WANZ-500,release_date,2016-05-29,,2026-09-05T03:30:31.727Z,,
obs_000488,work,work_000030,metatube-bulk,JavBus:WANZ-500,duration_min,119,,2026-09-05T03:30:31.727Z,,
obs_000489,work,work_000030,metatube-bulk,JavBus:WANZ-500,cover_url,https://www.javbus.com/pics/cover/5hyf_b.jpg,,2026-09-05T03:30:31.727Z,,
obs_000490,work,work_000030,metatube-bulk,JavBus:WANZ-500,thumb_url,https://www.javbus.com/pics/thumb/5hyf.jpg,,2026-09-05T03:30:31.727Z,,
obs_000491,work,work_000030,metatube-bulk,JavBus:WANZ-500,score,0,,2026-09-05T03:30:31.727Z,,
obs_000492,genre,genre_000057,metatube-bulk,,name,近親相姦,ja,2026-09-05T03:30:31.727Z,,
obs_000493,genre,genre_000057,metatube-bulk,,name_ja,近親相姦,ja,2026-09-05T03:30:31.727Z,,
obs_000494,genre,genre_000058,metatube-bulk,,name,パンチラ,ja,2026-09-05T03:30:31.727Z,,
obs_000495,genre,genre_000058,metatube-bulk,,name_ja,パンチラ,ja,2026-09-05T03:30:31.727Z,,
obs_000496,genre,genre_000059,metatube-bulk,,name,局部アップ,ja,2026-09-05T03:30:31.727Z,,
obs_000497,genre,genre_000059,metatube-bulk,,name_ja,局部アップ,ja,2026-09-05T03:30:31.727Z,,
obs_000498,work,work_000031,metatube-bulk,JavBus:WANZ-700,title,ショーパンお姉ちゃんのマンチラ誘惑 関根奈美,,2026-09-05T03:30:31.727Z,,
obs_000499,work,work_000031,metatube-bulk,JavBus:WANZ-700,title_ja,ショーパンお姉ちゃんのマンチラ誘惑 関根奈美,ja,2026-09-05T03:30:31.727Z,,
obs_000500,work,work_000031,metatube-bulk,JavBus:WANZ-700,release_date,2017-12-09,,2026-09-05T03:30:31.727Z,,
obs_000501,work,work_000031,metatube-bulk,JavBus:WANZ-700,duration_min,120,,2026-09-05T03:30:31.727Z,,
obs_000502,work,work_000031,metatube-bulk,JavBus:WANZ-700,cover_url,https://www.javbus.com/pics/cover/6amx_b.jpg,,2026-09-05T03:30:31.727Z,,
obs_000503,work,work_000031,metatube-bulk,JavBus:WANZ-700,thumb_url,https://www.javbus.com/pics/thumb/6amx.jpg,,2026-09-05T03:30:31.727Z,,
obs_000504,work,work_000031,metatube-bulk,JavBus:WANZ-700,score,0,,2026-09-05T03:30:31.727Z,,
obs_000505,series,series_000014,metatube-bulk,,name,我慢できれば生中出しSEX！,ja,2026-09-05T03:30:31.727Z,,
obs_000506,series,series_000014,metatube-bulk,,name_ja,我慢できれば生中出しSEX！,ja,2026-09-05T03:30:31.727Z,,
obs_000507,genre,genre_000060,metatube-bulk,,name,ファン感謝・訪問,ja,2026-09-05T03:30:31.727Z,,
obs_000508,genre,genre_000060,metatube-bulk,,name_ja,ファン感謝・訪問,ja,2026-09-05T03:30:31.727Z,,
obs_000509,work,work_000032,metatube-bulk,JavBus:WANZ-900,title,凛音とうかの凄テクを我慢できれば生★中出しSEX！,,2026-09-05T03:30:31.727Z,,
obs_000510,work,work_000032,metatube-bulk,JavBus:WANZ-900,title_ja,凛音とうかの凄テクを我慢できれば生★中出しSEX！,ja,2026-09-05T03:30:31.727Z,,
obs_000511,work,work_000032,metatube-bulk,JavBus:WANZ-900,release_date,2019-10-26,,2026-09-05T03:30:31.727Z,,
obs_000512,work,work_000032,metatube-bulk,JavBus:WANZ-900,duration_min,170,,2026-09-05T03:30:31.727Z,,
obs_000513,work,work_000032,metatube-bulk,JavBus:WANZ-900,cover_url,https://www.javbus.com/pics/cover/7cer_b.jpg,,2026-09-05T03:30:31.727Z,,
obs_000514,work,work_000032,metatube-bulk,JavBus:WANZ-900,thumb_url,https://www.javbus.com/pics/thumb/7cer.jpg,,2026-09-05T03:30:31.727Z,,
obs_000515,work,work_000032,metatube-bulk,JavBus:WANZ-900,score,0,,2026-09-05T03:30:31.727Z,,
obs_000516,maker,maker_000006,metatube-bulk,,name,プレミアム,ja,2026-09-05T03:30:31.727Z,,
obs_000517,maker,maker_000006,metatube-bulk,,name_ja,プレミアム,ja,2026-09-05T03:30:31.727Z,,
obs_000518,label,label_000006,metatube-bulk,,name,エレガンス,ja,2026-09-05T03:30:31.727Z,,
obs_000519,label,label_000006,metatube-bulk,,name_ja,エレガンス,ja,2026-09-05T03:30:31.727Z,,
obs_000520,series,series_000015,metatube-bulk,,name,筆下ろし専門,ja,2026-09-05T03:30:31.727Z,,
obs_000521,series,series_000015,metatube-bulk,,name_ja,筆下ろし専門,ja,2026-09-05T03:30:31.727Z,,
obs_000522,genre,genre_000061,metatube-bulk,,name,童貞,ja,2026-09-05T03:30:31.727Z,,
obs_000523,genre,genre_000061,metatube-bulk,,name_ja,童貞,ja,2026-09-05T03:30:31.727Z,,
obs_000524,director,director_000018,metatube-bulk,,name,トレンディ山口,ja,2026-09-05T03:30:31.727Z,,
obs_000525,director,director_000018,metatube-bulk,,name_ja,トレンディ山口,ja,2026-09-05T03:30:31.727Z,,
obs_000526,work,work_000033,metatube-bulk,JavBus:PRED-100,title,筆下ろし専門 中出し小悪魔ソープ 神谷充希,,2026-09-05T03:30:31.727Z,,
obs_000527,work,work_000033,metatube-bulk,JavBus:PRED-100,title_ja,筆下ろし専門 中出し小悪魔ソープ 神谷充希,ja,2026-09-05T03:30:31.727Z,,
obs_000528,work,work_000033,metatube-bulk,JavBus:PRED-100,release_date,2018-09-07,,2026-09-05T03:30:31.727Z,,
obs_000529,work,work_000033,metatube-bulk,JavBus:PRED-100,duration_min,120,,2026-09-05T03:30:31.727Z,,
obs_000530,work,work_000033,metatube-bulk,JavBus:PRED-100,cover_url,https://www.javbus.com/pics/cover/6pr3_b.jpg,,2026-09-05T03:30:31.727Z,,
obs_000531,work,work_000033,metatube-bulk,JavBus:PRED-100,thumb_url,https://www.javbus.com/pics/thumb/6pr3.jpg,,2026-09-05T03:30:31.727Z,,
obs_000532,work,work_000033,metatube-bulk,JavBus:PRED-100,score,0,,2026-09-05T03:30:31.727Z,,
obs_000533,genre,genre_000062,metatube-bulk,,name,不倫,ja,2026-09-05T03:30:31.727Z,,
obs_000534,genre,genre_000062,metatube-bulk,,name_ja,不倫,ja,2026-09-05T03:30:31.727Z,,
obs_000535,director,director_000019,metatube-bulk,,name,サッポロ太郎,ja,2026-09-05T03:30:31.727Z,,
obs_000536,director,director_000019,metatube-bulk,,name_ja,サッポロ太郎,ja,2026-09-05T03:30:31.727Z,,
obs_000537,work,work_000034,metatube-bulk,JavBus:PRED-200,title,妻と倦怠期中の僕は逢花（義妹）に誘惑されて何度も、何度も、中出しをしてしまった…。 山岸逢花,,2026-09-05T03:30:31.727Z,,
obs_000538,work,work_000034,metatube-bulk,JavBus:PRED-200,title_ja,妻と倦怠期中の僕は逢花（義妹）に誘惑されて何度も、何度も、中出しをしてしまった…。 山岸逢花,ja,2026-09-05T03:30:31.727Z,,
obs_000539,work,work_000034,metatube-bulk,JavBus:PRED-200,release_date,2019-11-30,,2026-09-05T03:30:31.727Z,,
obs_000540,work,work_000034,metatube-bulk,JavBus:PRED-200,duration_min,120,,2026-09-05T03:30:31.727Z,,
obs_000541,work,work_000034,metatube-bulk,JavBus:PRED-200,cover_url,https://www.javbus.com/pics/cover/7frh_b.jpg,,2026-09-05T03:30:31.727Z,,
obs_000542,work,work_000034,metatube-bulk,JavBus:PRED-200,thumb_url,https://www.javbus.com/pics/thumb/7frh.jpg,,2026-09-05T03:30:31.727Z,,
obs_000543,work,work_000034,metatube-bulk,JavBus:PRED-200,score,0,,2026-09-05T03:30:31.727Z,,
obs_000544,work,work_000035,metatube-bulk,JavBus:PRED-300,title,息子の許嫁が娘になったから10年の念願を叶えて何度も中出しした。 星奈あい,,2026-09-05T03:30:31.727Z,,
obs_000545,work,work_000035,metatube-bulk,JavBus:PRED-300,title_ja,息子の許嫁が娘になったから10年の念願を叶えて何度も中出しした。 星奈あい,ja,2026-09-05T03:30:31.727Z,,
obs_000546,work,work_000035,metatube-bulk,JavBus:PRED-300,release_date,2021-04-02,,2026-09-05T03:30:31.727Z,,
obs_000547,work,work_000035,metatube-bulk,JavBus:PRED-300,duration_min,150,,2026-09-05T03:30:31.727Z,,
obs_000548,work,work_000035,metatube-bulk,JavBus:PRED-300,cover_url,https://www.javbus.com/pics/cover/85x7_b.jpg,,2026-09-05T03:30:31.727Z,,
obs_000549,work,work_000035,metatube-bulk,JavBus:PRED-300,thumb_url,https://www.javbus.com/pics/thumb/85x7.jpg,,2026-09-05T03:30:31.727Z,,
obs_000550,work,work_000035,metatube-bulk,JavBus:PRED-300,score,0,,2026-09-05T03:30:31.727Z,,
obs_000551,maker,maker_000007,metatube-bulk,,name,OPPAI,en,2026-09-05T03:30:31.727Z,,
obs_000552,label,label_000007,metatube-bulk,,name,OPPAI,en,2026-09-05T03:30:31.727Z,,
obs_000553,genre,genre_000063,metatube-bulk,,name,巨乳フェチ,ja,2026-09-05T03:30:31.727Z,,
obs_000554,genre,genre_000063,metatube-bulk,,name_ja,巨乳フェチ,ja,2026-09-05T03:30:31.727Z,,
obs_000555,work,work_000036,metatube-bulk,JavBus:PPPD-100,title,爆乳美女は騎乗位で男を犯す 佐山愛,,2026-09-05T03:30:31.727Z,,
obs_000556,work,work_000036,metatube-bulk,JavBus:PPPD-100,title_ja,爆乳美女は騎乗位で男を犯す 佐山愛,ja,2026-09-05T03:30:31.727Z,,
obs_000557,work,work_000036,metatube-bulk,JavBus:PPPD-100,release_date,2010-07-16,,2026-09-05T03:30:31.727Z,,
obs_000558,work,work_000036,metatube-bulk,JavBus:PPPD-100,duration_min,118,,2026-09-05T03:30:31.727Z,,
obs_000559,work,work_000036,metatube-bulk,JavBus:PPPD-100,cover_url,https://www.javbus.com/pics/cover/2qqb_b.jpg,,2026-09-05T03:30:31.727Z,,
obs_000560,work,work_000036,metatube-bulk,JavBus:PPPD-100,thumb_url,https://www.javbus.com/pics/thumb/2qqb.jpg,,2026-09-05T03:30:31.727Z,,
obs_000561,work,work_000036,metatube-bulk,JavBus:PPPD-100,score,0,,2026-09-05T03:30:31.727Z,,
obs_000562,series,series_000016,metatube-bulk,,name,絶倫フェラチオが～るふれんど。,ja,2026-09-05T03:30:31.727Z,,
obs_000563,series,series_000016,metatube-bulk,,name_ja,絶倫フェラチオが～るふれんど。,ja,2026-09-05T03:30:31.727Z,,
obs_000564,genre,genre_000064,metatube-bulk,,name,OL,en,2026-09-05T03:30:31.727Z,,
obs_000565,genre,genre_000065,metatube-bulk,,name,巨尻,ja,2026-09-05T03:30:31.727Z,,
obs_000566,genre,genre_000065,metatube-bulk,,name_ja,巨尻,ja,2026-09-05T03:30:31.727Z,,
obs_000567,work,work_000037,metatube-bulk,JavBus:IPZZ-100,title,引退作品 即勃たせてくれるアゲまん 呼べば即舐め絶倫フェラチオ が～るふれんど。-The FINAL LOVE BOMB- 加美杏奈,,2026-09-05T03:30:31.727Z,,
obs_000568,work,work_000037,metatube-bulk,JavBus:IPZZ-100,title_ja,引退作品 即勃たせてくれるアゲまん 呼べば即舐め絶倫フェラチオ が～るふれんど。-The FINAL LOVE BOMB- 加美杏奈,ja,2026-09-05T03:30:31.727Z,,
obs_000569,work,work_000037,metatube-bulk,JavBus:IPZZ-100,release_date,2023-09-08,,2026-09-05T03:30:31.727Z,,
obs_000570,work,work_000037,metatube-bulk,JavBus:IPZZ-100,duration_min,150,,2026-09-05T03:30:31.727Z,,
obs_000571,work,work_000037,metatube-bulk,JavBus:IPZZ-100,cover_url,https://www.javbus.com/pics/cover/9wu5_b.jpg,,2026-09-05T03:30:31.727Z,,
obs_000572,work,work_000037,metatube-bulk,JavBus:IPZZ-100,thumb_url,https://www.javbus.com/pics/thumb/9wu5.jpg,,2026-09-05T03:30:31.727Z,,
obs_000573,work,work_000037,metatube-bulk,JavBus:IPZZ-100,score,0,,2026-09-05T03:30:31.727Z,,
obs_000574,genre,genre_000066,metatube-bulk,,name,監禁,ja,2026-09-05T03:30:31.727Z,,
obs_000575,genre,genre_000066,metatube-bulk,,name_ja,監禁,ja,2026-09-05T03:30:31.727Z,,
obs_000576,work,work_000038,metatube-bulk,JavBus:IPZZ-300,title,隣人変態野郎に媚薬拉致監禁…美人姉妹ぶっ飛びキメセク肉穴便器化… さくらわかな 希島あいり,,2026-09-05T03:30:31.727Z,,
obs_000577,work,work_000038,metatube-bulk,JavBus:IPZZ-300,title_ja,隣人変態野郎に媚薬拉致監禁…美人姉妹ぶっ飛びキメセク肉穴便器化… さくらわかな 希島あいり,ja,2026-09-05T03:30:31.727Z,,
obs_000578,work,work_000038,metatube-bulk,JavBus:IPZZ-300,release_date,2024-06-07,,2026-09-05T03:30:31.727Z,,
obs_000579,work,work_000038,metatube-bulk,JavBus:IPZZ-300,duration_min,160,,2026-09-05T03:30:31.727Z,,
obs_000580,work,work_000038,metatube-bulk,JavBus:IPZZ-300,cover_url,https://www.javbus.com/pics/cover/ajpw_b.jpg,,2026-09-05T03:30:31.727Z,,
obs_000581,work,work_000038,metatube-bulk,JavBus:IPZZ-300,thumb_url,https://www.javbus.com/pics/thumb/ajpw.jpg,,2026-09-05T03:30:31.727Z,,
obs_000582,work,work_000038,metatube-bulk,JavBus:IPZZ-300,score,0,,2026-09-05T03:30:31.727Z,,
obs_000583,maker,maker_000008,metatube-bulk,,name,エスワンナンバーワンスタイル,ja,2026-09-05T03:30:31.727Z,,
obs_000584,maker,maker_000008,metatube-bulk,,name_ja,エスワンナンバーワンスタイル,ja,2026-09-05T03:30:31.727Z,,
obs_000585,label,label_000008,metatube-bulk,,name,S1NO.1STYLE,en,2026-09-05T03:30:31.727Z,,
obs_000586,series,series_000017,metatube-bulk,,name,専属NO.1STYLE,ja,2026-09-05T03:30:31.727Z,,
obs_000587,series,series_000017,metatube-bulk,,name_ja,専属NO.1STYLE,ja,2026-09-05T03:30:31.727Z,,
obs_000588,director,director_000020,metatube-bulk,,name,秋秀人,ja,2026-09-05T03:30:31.727Z,,
obs_000589,director,director_000020,metatube-bulk,,name_ja,秋秀人,ja,2026-09-05T03:30:31.727Z,,
obs_000590,work,work_000039,metatube-bulk,JavBus:SNIS-001,title,専属NO.1 STYLE 新山らん エスワンデビュー,,2026-09-05T03:30:31.727Z,,
obs_000591,work,work_000039,metatube-bulk,JavBus:SNIS-001,title_ja,専属NO.1 STYLE 新山らん エスワンデビュー,ja,2026-09-05T03:30:31.727Z,,
obs_000592,work,work_000039,metatube-bulk,JavBus:SNIS-001,release_date,2013-09-19,,2026-09-05T03:30:31.727Z,,
obs_000593,work,work_000039,metatube-bulk,JavBus:SNIS-001,duration_min,148,,2026-09-05T03:30:31.727Z,,
obs_000594,work,work_000039,metatube-bulk,JavBus:SNIS-001,cover_url,https://www.javbus.com/pics/cover/3x8y_b.jpg,,2026-09-05T03:30:31.727Z,,
obs_000595,work,work_000039,metatube-bulk,JavBus:SNIS-001,thumb_url,https://www.javbus.com/pics/thumb/3x8y.jpg,,2026-09-05T03:30:31.727Z,,
obs_000596,work,work_000039,metatube-bulk,JavBus:SNIS-001,score,0,,2026-09-05T03:30:31.727Z,,
obs_000597,series,series_000018,metatube-bulk,,name,交わる体液、濃密セックス,ja,2026-09-05T03:30:31.727Z,,
obs_000598,series,series_000018,metatube-bulk,,name_ja,交わる体液、濃密セックス,ja,2026-09-05T03:30:31.727Z,,
obs_000599,director,director_000021,metatube-bulk,,name,紋℃,ja,2026-09-05T03:30:31.727Z,,
obs_000600,director,director_000021,metatube-bulk,,name_ja,紋℃,ja,2026-09-05T03:30:31.727Z,,
obs_000601,work,work_000040,metatube-bulk,JavBus:SNIS-100,title,交わる体液、濃密セックス 新山らん,,2026-09-05T03:30:31.727Z,,
obs_000602,work,work_000040,metatube-bulk,JavBus:SNIS-100,title_ja,交わる体液、濃密セックス 新山らん,ja,2026-09-05T03:30:31.727Z,,
obs_000603,work,work_000040,metatube-bulk,JavBus:SNIS-100,release_date,2014-02-15,,2026-09-05T03:30:31.727Z,,
obs_000604,work,work_000040,metatube-bulk,JavBus:SNIS-100,duration_min,140,,2026-09-05T03:30:31.727Z,,
obs_000605,work,work_000040,metatube-bulk,JavBus:SNIS-100,cover_url,https://www.javbus.com/pics/cover/44i6_b.jpg,,2026-09-05T03:30:31.727Z,,
obs_000606,work,work_000040,metatube-bulk,JavBus:SNIS-100,thumb_url,https://www.javbus.com/pics/thumb/44i6.jpg,,2026-09-05T03:30:31.727Z,,
obs_000607,work,work_000040,metatube-bulk,JavBus:SNIS-100,score,0,,2026-09-05T03:30:31.727Z,,
obs_000608,maker,maker_000009,metatube-bulk,,name,プレステージ,ja,2026-09-05T03:30:31.727Z,,
obs_000609,maker,maker_000009,metatube-bulk,,name_ja,プレステージ,ja,2026-09-05T03:30:31.727Z,,
obs_000610,label,label_000009,metatube-bulk,,name,ABSOLUTELYPERFECT,en,2026-09-05T03:30:31.727Z,,
obs_000611,series,series_000019,metatube-bulk,,name,最新やみつきエステ,ja,2026-09-05T03:30:31.727Z,,
obs_000612,series,series_000019,metatube-bulk,,name_ja,最新やみつきエステ,ja,2026-09-05T03:30:31.727Z,,
obs_000613,genre,genre_000067,metatube-bulk,,name,エステ,ja,2026-09-05T03:30:31.727Z,,
obs_000614,genre,genre_000067,metatube-bulk,,name_ja,エステ,ja,2026-09-05T03:30:31.727Z,,
obs_000615,genre,genre_000068,metatube-bulk,,name,マッサージ,ja,2026-09-05T03:30:31.727Z,,
obs_000616,genre,genre_000068,metatube-bulk,,name_ja,マッサージ,ja,2026-09-05T03:30:31.727Z,,
obs_000617,work,work_000041,metatube-bulk,JavBus:ABP-001,title,水咲ローラがご奉仕しちゃう超最新やみつきエステ,,2026-09-05T03:30:31.727Z,,
obs_000618,work,work_000041,metatube-bulk,JavBus:ABP-001,title_ja,水咲ローラがご奉仕しちゃう超最新やみつきエステ,ja,2026-09-05T03:30:31.727Z,,
obs_000619,work,work_000041,metatube-bulk,JavBus:ABP-001,release_date,2013-06-28,,2026-09-05T03:30:31.727Z,,
obs_000620,work,work_000041,metatube-bulk,JavBus:ABP-001,duration_min,125,,2026-09-05T03:30:31.727Z,,
obs_000621,work,work_000041,metatube-bulk,JavBus:ABP-001,cover_url,https://www.javbus.com/pics/cover/2qh5_b.jpg,,2026-09-05T03:30:31.727Z,,
obs_000622,work,work_000041,metatube-bulk,JavBus:ABP-001,thumb_url,https://www.javbus.com/pics/thumb/2qh5.jpg,,2026-09-05T03:30:31.727Z,,
obs_000623,work,work_000041,metatube-bulk,JavBus:ABP-001,score,0,,2026-09-05T03:30:31.727Z,,
obs_000624,maker,maker_000010,metatube-bulk,,name,網走映像,ja,2026-09-05T03:30:31.727Z,,
obs_000625,maker,maker_000010,metatube-bulk,,name_ja,網走映像,ja,2026-09-05T03:30:31.727Z,,
obs_000626,label,label_000010,metatube-bulk,,name,網走映像,ja,2026-09-05T03:30:31.727Z,,
obs_000627,label,label_000010,metatube-bulk,,name_ja,網走映像,ja,2026-09-05T03:30:31.727Z,,
obs_000628,series,series_000020,metatube-bulk,,name,夜間公衆便所淫撮連続レイプ魔,ja,2026-09-05T03:30:31.727Z,,
obs_000629,series,series_000020,metatube-bulk,,name_ja,夜間公衆便所淫撮連続レイプ魔,ja,2026-09-05T03:30:31.727Z,,
obs_000630,genre,genre_000069,metatube-bulk,,name,その他フェチ,ja,2026-09-05T03:30:31.727Z,,
obs_000631,genre,genre_000069,metatube-bulk,,name_ja,その他フェチ,ja,2026-09-05T03:30:31.727Z,,
obs_000632,work,work_000042,metatube-bulk,JavBus:ABA-001,title,夜間公衆便所 淫撮 連続レイプ魔 1,,2026-09-05T03:30:31.727Z,,
obs_000633,work,work_000042,metatube-bulk,JavBus:ABA-001,title_ja,夜間公衆便所 淫撮 連続レイプ魔 1,ja,2026-09-05T03:30:31.727Z,,
obs_000634,work,work_000042,metatube-bulk,JavBus:ABA-001,release_date,2015-09-02,,2026-09-05T03:30:31.727Z,,
obs_000635,work,work_000042,metatube-bulk,JavBus:ABA-001,duration_min,119,,2026-09-05T03:30:31.727Z,,
obs_000636,work,work_000042,metatube-bulk,JavBus:ABA-001,cover_url,https://www.javbus.com/pics/cover/4yyo_b.jpg,,2026-09-05T03:30:31.727Z,,
obs_000637,work,work_000042,metatube-bulk,JavBus:ABA-001,thumb_url,https://www.javbus.com/pics/thumb/4yyo.jpg,,2026-09-05T03:30:31.727Z,,
obs_000638,work,work_000042,metatube-bulk,JavBus:ABA-001,score,0,,2026-09-05T03:30:31.727Z,,
obs_000639,maker,maker_000011,metatube-bulk,,name,HEYZO,en,2026-09-05T03:30:31.727Z,,
obs_000640,genre,genre_000070,metatube-bulk,,name,バック,ja,2026-09-05T03:30:31.727Z,,
obs_000641,genre,genre_000070,metatube-bulk,,name_ja,バック,ja,2026-09-05T03:30:31.727Z,,
obs_000642,genre,genre_000071,metatube-bulk,,name,口内射精,ja,2026-09-05T03:30:31.727Z,,
obs_000643,genre,genre_000071,metatube-bulk,,name_ja,口内射精,ja,2026-09-05T03:30:31.727Z,,
obs_000644,genre,genre_000072,metatube-bulk,,name,おもちゃ,ja,2026-09-05T03:30:31.727Z,,
obs_000645,genre,genre_000072,metatube-bulk,,name_ja,おもちゃ,ja,2026-09-05T03:30:31.727Z,,
obs_000646,genre,genre_000073,metatube-bulk,,name,フェラ抜き,ja,2026-09-05T03:30:31.727Z,,
obs_000647,genre,genre_000073,metatube-bulk,,name_ja,フェラ抜き,ja,2026-09-05T03:30:31.727Z,,
obs_000648,genre,genre_000074,metatube-bulk,,name,野外,ja,2026-09-05T03:30:31.727Z,,
obs_000649,genre,genre_000074,metatube-bulk,,name_ja,野外,ja,2026-09-05T03:30:31.727Z,,
obs_000650,genre,genre_000075,metatube-bulk,,name,ホテル,ja,2026-09-05T03:30:31.727Z,,
obs_000651,genre,genre_000075,metatube-bulk,,name_ja,ホテル,ja,2026-09-05T03:30:31.727Z,,
obs_000652,genre,genre_000076,metatube-bulk,,name,着エロ,ja,2026-09-05T03:30:31.727Z,,
obs_000653,genre,genre_000076,metatube-bulk,,name_ja,着エロ,ja,2026-09-05T03:30:31.727Z,,
obs_000654,genre,genre_000077,metatube-bulk,,name,露出,ja,2026-09-05T03:30:31.727Z,,
obs_000655,genre,genre_000077,metatube-bulk,,name_ja,露出,ja,2026-09-05T03:30:31.727Z,,
obs_000656,genre,genre_000078,metatube-bulk,,name,和服,ja,2026-09-05T03:30:31.727Z,,
obs_000657,genre,genre_000078,metatube-bulk,,name_ja,和服,ja,2026-09-05T03:30:31.727Z,,
obs_000658,genre,genre_000079,metatube-bulk,,name,浴衣,ja,2026-09-05T03:30:31.727Z,,
obs_000659,genre,genre_000079,metatube-bulk,,name_ja,浴衣,ja,2026-09-05T03:30:31.727Z,,
obs_000660,genre,genre_000080,metatube-bulk,,name,車,ja,2026-09-05T03:30:31.727Z,,
obs_000661,genre,genre_000080,metatube-bulk,,name_ja,車,ja,2026-09-05T03:30:31.727Z,,
obs_000662,genre,genre_000081,metatube-bulk,,name,花火大会,ja,2026-09-05T03:30:31.727Z,,
obs_000663,genre,genre_000081,metatube-bulk,,name_ja,花火大会,ja,2026-09-05T03:30:31.727Z,,
obs_000664,genre,genre_000082,metatube-bulk,,name,ローター,ja,2026-09-05T03:30:31.727Z,,
obs_000665,genre,genre_000082,metatube-bulk,,name_ja,ローター,ja,2026-09-05T03:30:31.727Z,,
obs_000666,work,work_000043,metatube-bulk,HEYZO:0001,title,浴衣deデート～夏のデートは刺激的に～,,2026-09-05T03:30:31.727Z,,
obs_000667,work,work_000043,metatube-bulk,HEYZO:0001,title_ja,浴衣deデート～夏のデートは刺激的に～,ja,2026-09-05T03:30:31.727Z,,
obs_000668,work,work_000043,metatube-bulk,HEYZO:0001,release_date,2012-08-31,,2026-09-05T03:30:31.727Z,,
obs_000669,work,work_000043,metatube-bulk,HEYZO:0001,duration_min,64,,2026-09-05T03:30:31.727Z,,
obs_000670,work,work_000043,metatube-bulk,HEYZO:0001,description,夏休みも終わってしまいましたが、皆さん良い思い出ができましたか？　できたあなたも、できなかったあなたも、星崎アンリちゃんの動画でスッキリしちゃってください！　今大人気のアンリちゃん、いやぁ、浴衣姿もカワイイっす！　花火大会の帰り道、人気のない公園に立ち寄ったアンリと彼。　浴衣姿で胸チラ、周りを気にしながらローターで感じちゃいます。　そんなアンリに辛抱たまらなくなった彼に、車に戻ってフェラ抜きしてあげちゃいます。　体に火がついてしまった二人、このままじゃ終われません！　ホテルに移動し、パコパコがんばっちゃいます！　最後は中出しで昇天！　イキ顔がまたカワイイ！！,,2026-09-05T03:30:31.727Z,,
obs_000671,work,work_000043,metatube-bulk,HEYZO:0001,cover_url,https://www.heyzo.com/contents/3000/0001/images/player_thumbnail.jpg,,2026-09-05T03:30:31.727Z,,
obs_000672,work,work_000043,metatube-bulk,HEYZO:0001,thumb_url,https://www.heyzo.com/contents/3000/0001/images/player_thumbnail.jpg,,2026-09-05T03:30:31.727Z,,
obs_000673,work,work_000043,metatube-bulk,HEYZO:0001,score,4,,2026-09-05T03:30:31.727Z,,
obs_000674,maker,maker_000012,metatube-bulk,,name,天然むすめ,ja,2026-09-05T03:30:31.727Z,,
obs_000675,maker,maker_000012,metatube-bulk,,name_ja,天然むすめ,ja,2026-09-05T03:30:31.727Z,,
obs_000676,genre,genre_000083,metatube-bulk,,name,パイパン,ja,2026-09-05T03:30:31.727Z,,
obs_000677,genre,genre_000083,metatube-bulk,,name_ja,パイパン,ja,2026-09-05T03:30:31.727Z,,
obs_000678,genre,genre_000084,metatube-bulk,,name,口内発射,ja,2026-09-05T03:30:31.727Z,,
obs_000679,genre,genre_000084,metatube-bulk,,name_ja,口内発射,ja,2026-09-05T03:30:31.727Z,,
obs_000680,genre,genre_000085,metatube-bulk,,name,ごっくん,ja,2026-09-05T03:30:31.727Z,,
obs_000681,genre,genre_000085,metatube-bulk,,name_ja,ごっくん,ja,2026-09-05T03:30:31.727Z,,
obs_000682,genre,genre_000086,metatube-bulk,,name,69,en,2026-09-05T03:30:31.727Z,,
obs_000683,genre,genre_000087,metatube-bulk,,name,オナニー,ja,2026-09-05T03:30:31.727Z,,
obs_000684,genre,genre_000087,metatube-bulk,,name_ja,オナニー,ja,2026-09-05T03:30:31.727Z,,
obs_000685,genre,genre_000088,metatube-bulk,,name,生ハメ,ja,2026-09-05T03:30:31.727Z,,
obs_000686,genre,genre_000088,metatube-bulk,,name_ja,生ハメ,ja,2026-09-05T03:30:31.727Z,,
obs_000687,genre,genre_000089,metatube-bulk,,name,クンニ,ja,2026-09-05T03:30:31.727Z,,
obs_000688,genre,genre_000089,metatube-bulk,,name_ja,クンニ,ja,2026-09-05T03:30:31.727Z,,
obs_000689,genre,genre_000090,metatube-bulk,,name,ポッチャリ,ja,2026-09-05T03:30:31.727Z,,
obs_000690,genre,genre_000090,metatube-bulk,,name_ja,ポッチャリ,ja,2026-09-05T03:30:31.727Z,,
obs_000691,genre,genre_000091,metatube-bulk,,name,1080p,en,2026-09-05T03:30:31.727Z,,
obs_000692,genre,genre_000092,metatube-bulk,,name,60fps,en,2026-09-05T03:30:31.727Z,,
obs_000693,work,work_000044,metatube-bulk,10musume:040420_01,title,産まれてはじめてのゴックンに挑戦,,2026-09-05T03:30:31.727Z,,
obs_000694,work,work_000044,metatube-bulk,10musume:040420_01,title_ja,産まれてはじめてのゴックンに挑戦,ja,2026-09-05T03:30:31.727Z,,
obs_000695,work,work_000044,metatube-bulk,10musume:040420_01,release_date,2020-04-04,,2026-09-05T03:30:31.727Z,,
obs_000696,work,work_000044,metatube-bulk,10musume:040420_01,duration_min,57,,2026-09-05T03:30:31.727Z,,
obs_000697,work,work_000044,metatube-bulk,10musume:040420_01,description,ムチムチでエッチな身体がたまらない上原茉咲ちゃんが初のごっくん体験！ 初めての体験なのに結構乗り気な頼もしい茉咲ちゃん。まずはパイパンオマンコをいじり倒してオナニーでぬれぬれ、身も心も熱くなったところで男の手でエロ度をマックスにしてもらいます。挿入されると全身で感じでイキまくり、最後はお約束通り、いっぱい口内射精してもらって、思い切ってごっくん！ちょっと誇らしげな表情で嬉しそうにごっくん初体験できました！,,2026-09-05T03:30:31.727Z,,
obs_000698,work,work_000044,metatube-bulk,10musume:040420_01,cover_url,https://www.10musume.com/moviepages/040420_01/images/str.jpg,,2026-09-05T03:30:31.727Z,,
obs_000699,work,work_000044,metatube-bulk,10musume:040420_01,thumb_url,https://www.10musume.com/moviepages/040420_01/images/list1.jpg,,2026-09-05T03:30:31.727Z,,
obs_000700,work,work_000044,metatube-bulk,10musume:040420_01,score,3.3333333333333,,2026-09-05T03:30:31.727Z,,
obs_000701,maker,maker_000013,metatube-bulk,,name,カリビアンコム,ja,2026-09-05T03:30:31.727Z,,
obs_000702,maker,maker_000013,metatube-bulk,,name_ja,カリビアンコム,ja,2026-09-05T03:30:31.727Z,,
obs_000703,genre,genre_000093,metatube-bulk,,name,オリジナル動画,ja,2026-09-05T03:30:31.727Z,,
obs_000704,genre,genre_000093,metatube-bulk,,name_ja,オリジナル動画,ja,2026-09-05T03:30:31.727Z,,
obs_000705,genre,genre_000094,metatube-bulk,,name,バイブ,ja,2026-09-05T03:30:31.727Z,,
obs_000706,genre,genre_000094,metatube-bulk,,name_ja,バイブ,ja,2026-09-05T03:30:31.727Z,,
obs_000707,genre,genre_000095,metatube-bulk,,name,美脚,ja,2026-09-05T03:30:31.727Z,,
obs_000708,genre,genre_000095,metatube-bulk,,name_ja,美脚,ja,2026-09-05T03:30:31.727Z,,
obs_000709,genre,genre_000096,metatube-bulk,,name,美尻,ja,2026-09-05T03:30:31.727Z,,
obs_000710,genre,genre_000096,metatube-bulk,,name_ja,美尻,ja,2026-09-05T03:30:31.727Z,,
obs_000711,work,work_000045,metatube-bulk,Caribbeancom:040420-001,title,自らマンコを打ち付けてくる凄エグ痴女 ～もっと気持ちよくなりたくて腰振り無双～,,2026-09-05T03:30:31.727Z,,
obs_000712,work,work_000045,metatube-bulk,Caribbeancom:040420-001,title_ja,自らマンコを打ち付けてくる凄エグ痴女 ～もっと気持ちよくなりたくて腰振り無双～,ja,2026-09-05T03:30:31.727Z,,
obs_000713,work,work_000045,metatube-bulk,Caribbeancom:040420-001,release_date,2020-04-04,,2026-09-05T03:30:31.727Z,,
obs_000714,work,work_000045,metatube-bulk,Caribbeancom:040420-001,duration_min,61,,2026-09-05T03:30:31.727Z,,
obs_000715,work,work_000045,metatube-bulk,Caribbeancom:040420-001,description,目力のある瞳に、巨乳で抱き心地のよいいい肉付きのいい女・上山奈々は、エッチに貪欲でSEX中、自分から動いちゃうほうなんだとか。クンニや手マンの間も腰を浮かせ、自ら動いて快楽を得る奈々ちゃんの動きをちゃんと見るために、ディルドオナニーをお願い。気持ち良さそうな声をあげながら、腰を振りオナニーに勤しむ姿がエロすぎる。パイズリ・フェラで気持ちよくさせたら、肉棒を自ら挿入し、腰を動かし、エロすぎる濃厚な絡みを最後は中出しで受け止め、フィニッシュです,,2026-09-05T03:30:31.727Z,,
obs_000716,work,work_000045,metatube-bulk,Caribbeancom:040420-001,cover_url,https://www.caribbeancom.com/moviepages/040420-001/images/l_l.jpg,,2026-09-05T03:30:31.727Z,,
obs_000717,work,work_000045,metatube-bulk,Caribbeancom:040420-001,thumb_url,https://www.caribbeancom.com/moviepages/040420-001/images/l_l.jpg,,2026-09-05T03:30:31.727Z,,
obs_000718,work,work_000045,metatube-bulk,Caribbeancom:040420-001,score,5,,2026-09-05T03:30:31.727Z,,
